first_name,last_name,birth_date,address,job,province,sex,Id
Anaïs,Chevallier,1944-08-06,87930 Justin Inlet,Chargé de recherche en acoustique musicale,New Brunswick,F,201601
Christine,Leveque,1951-01-02,1792 Lauren Glens,Secrétaire juridique,New Brunswick,F,201251
Maryse,Chartier,1988-01-24,71833 Emily Gateway,Développeur humanitaire,New Brunswick,F,201720
Avide,Damico,1967-03-31,5510 Christine Land,Conseiller en séjours,Ontario,F,206972
Anaïs,Laroche,1975-02-20,1123 Tracy Landing Suite 232,Technicien ,Alberta,F,202657
Pénélope,Bernard,1952-06-01,0232 Mccullough Divide,Chercheur en biologie,Yukon Territory,F,202092
Frédérique,Lefort,1973-12-02,493 Gavin Landing Suite 255,Coffreur,Alberta,F,202697
Kayla,Green,1968-05-05,6336 Campbell Terrace,Technicien ,Ontario,F,205646
Michelle,Rodriguez,1961-04-08,74811 Mcgee Groves Apt. 022,Cordiste,Ontario,F,200650
Jennifer,Nguyen,1974-04-03,7221 Kimberly Brooks,Conseiller en génétique,Yukon Territory,F,203415
Claire,Roussel,1991-04-26,0488 Marcia Keys Apt. 421,Agronome,Prince Edward Island,F,202509
Alex,Dubois,1996-02-01,6108 Lisa Ridges Suite 935,Pédologue,Manitoba,F,207615
Mary,Bryant,1948-07-25,29061 Brian Coves,Chef monteur,Saskatchewan,F,201292
daisy,Peltier,1973-02-24,21441 Jeanette Wall,Façadier,Manitoba,F,200604
Laura,Castro,1967-03-10,4546 Watts Causeway,Credit manager,British Columbia,F,208673
Anastasie,Francois,1978-01-19,664 Dillon Fork Apt. 195,Chef de chantier en installations électriques,Ontario,F,203129
Jasmine,Christian,1984-04-01,1314 Ronald Mews,Mécanicien,British Columbia,F,201895
Ashley,Carpenter,1969-08-14,588 Hebert Tunnel Apt. 712,Guide-interprète,Saskatchewan,F,208759
Alighiero,Gallo,1997-01-02,898 Jaclyn Club,Guide conférencier des villes et pays d'art et d'histoire,Ontario,F,207066
Mathilde,Breton,1987-01-28,5020 Blair Courts,Décorateur scénographe,Ontario,F,206596
Gwendolyn,Nunez,1993-06-29,848 Christina Park Suite 727,Météorologiste,Nova Scotia,F,202269
Simone,Lamy,1949-10-10,04108 Rachel Flats,Hydrogéologue,Yukon Territory,F,200561
Margaret,Kelly,1965-08-31,2957 Shannon Rue,Pharmacien,New Brunswick,F,209144
Sabine,Lopez,1992-01-23,919 Williamson Key,Technicien de fabrication de mobilier et de menuiserie,Ontario,F,204437
Anaïs,Robert,1973-02-25,53655 Daniel Trail,Conservateur du patrimoine,Alberta,F,204524
Nathalie,Roger,1947-08-21,1494 Kaitlin Camp,Frigoriste,Prince Edward Island,F,203445
Jacqueline,Bodin,1949-08-01,5154 Angela Wall Apt. 662,Responsable du back-office,New Brunswick,F,207470
Alexandrie,Marchal,1945-08-01,14103 Martin Court Apt. 049,Moniteur d'équitation,Alberta,F,202327
Amanda,Shepard,1982-08-14,4434 Ramirez Road,Monteur en installations thermiques et climatiques,Alberta,F,203947
Marine,Couturier,1978-12-21,91769 Samantha Union,Déménageur,Alberta,F,201328
Édith,Petit,1966-06-23,73853 Kidd Oval Apt. 101,Substitut du procureur,Newfoundland and Labrador,F,208786
Louise,Voisin,1995-12-02,595 Isabel Club,Rédacteur on line,Prince Edward Island,F,202694
Lorraine,Jacques,1960-08-30,01054 Cardenas Groves Suite 615,Animateur d'activités physiques et sportives,Prince Edward Island,F,207678
Victoire,Chartier,1959-08-21,4179 Brandon Point,Chef de produit touristique,Quebec,F,204966
Dorothée,Leveque,1955-06-29,8418 Erica Pass Suite 185,Juge d'instance,Alberta,F,201831
Julie,Hall,1965-11-01,1008 William Fields,Salesman,Newfoundland and Labrador,F,204610
Susanne,Poulain,1989-02-16,71875 Cain Park Apt. 602,Commissaire-priseur,British Columbia,F,209080
Adélaïde,Devaux,1950-11-08,951 Wendy Landing,Conseiller en salle de remise en forme,Yukon Territory,F,205318
Lorraine,Weber,1967-09-22,9433 Jessica Junctions Suite 759,Magasinier cariste,Northwest Territories,F,209292
Olga,Manso,1995-10-13,1785 Carlos Pass Suite 792,Décolleteur,Nova Scotia,F,200069
Brenda,Harmon,1975-01-21,508 Foster Forge,Avocat,Quebec,F,206052
Andrea,Yu,1993-03-30,262 Eric Loop,Éducateur,Alberta,F,202479
Hector,Montanari,1953-09-25,02670 Thomas Fall,Souscripteur,New Brunswick,F,201318
Camille,Garnier,1945-03-26,50330 Veronica Curve,Ingénieur méthodes mécaniques,Northwest Territories,F,200992
Christina,Green,1992-06-02,7458 Richard Pines Suite 103,Brodeur,Manitoba,F,205996
Jamie,Andersen,1974-09-13,04145 James Gardens,Machiniste constructeur ou plateau,New Brunswick,F,206105
Marthe,Vallet,1971-03-15,77852 Kevin Glens Apt. 167,Juge des enfants,British Columbia,F,205225
Esther,Sáez,1962-07-12,11312 Shaun Heights,Mécatronicien,Prince Edward Island,F,203596
Quasimodo,Milani,1945-10-28,295 Douglas Well,Conseiller en salle de remise en forme,Nunavut,F,201840
Christina,Morse,1978-04-15,374 John Isle,Géophysicien,Alberta,F,207437
Renée,Bouvet,1999-05-11,31157 Pollard Rapid Apt. 171,Ingénieur,Manitoba,F,209169
Manon,Bruneau,1961-11-16,796 Anna Lake,Technicien,Nunavut,F,207753
Jennifer,Miller,1991-07-19,23896 Kristen Mount,Officier,Nunavut,F,208260
Lori,Conway,1988-09-20,9605 Rose Trail,Architecte d'intérieur,Newfoundland and Labrador,F,205775
Diane,Masse,1946-09-06,0805 Gordon Branch,Mécanicien bateaux,Nunavut,F,203035
Jeanne,De Sousa,2000-03-22,649 Kristina Forest,Secrétaire d'édition,Quebec,F,200709
Antoinette,Regnier,1975-08-24,3971 Robert Way,Botaniste,Quebec,F,203795
Max,Leone,1958-06-17,3536 Kimberly Parks,Ouvrier paysagiste,Yukon Territory,F,208485
Barbara,Smith,1945-04-10,176 Oscar Extension Suite 614,Ingénieur système,Saskatchewan,F,206529
Anastasie,Jourdan,1988-11-28,978 Susan Streets,Chef monteur,Nunavut,F,200524
Antoinette,Lebon,1971-11-11,0117 Judy Field,Secrétaire des Affaires étrangères,Saskatchewan,F,201152
Simone,Hoareau,1941-12-15,1392 Timothy Route Suite 740,Clerc d'huissier,Saskatchewan,F,204646
Élise,Guillaume,1960-10-18,226 Watts Locks,Psychomotricien,Manitoba,F,203693
Jennifer,Ball,1955-05-22,412 Cunningham Island Suite 836,Opérateur en traitement des matériaux,New Brunswick,F,209647
Marcelle,Renaud,1985-09-15,271 Kimberly Cove,Ingénieur technico-commercial en chimie,Northwest Territories,F,200061
Jeanne,Schmitt,1980-09-24,8133 Thompson Drives Apt. 015,Chef de station de traitement des eaux,New Brunswick,F,201595
Erica,Mccormick,1965-02-27,1429 Walters Knolls,Chef de produit marketing,Nunavut,F,204064
Clara,Pablo,1966-06-26,3645 Thompson Mills,Photographe,New Brunswick,F,202549
Jacopo,Caruso,1961-10-01,46476 Christopher Street,Juriste droit de l'environnement,British Columbia,F,209719
Margot,Bertin,1999-02-03,02388 Stacy Drive,Podo-orthésiste,Quebec,F,200094
Clara,Prado,1997-04-09,3621 Murphy Fords Suite 519,Ingénieur efficacité énergétique du bâtiment,New Brunswick,F,203749
Joséphine,Bousquet,1969-05-08,142 Gill Greens Suite 281,Journaliste,Prince Edward Island,F,205489
Anastasie,Antoine,1984-04-20,487 Eric Trail,Aérodynamicien,Alberta,F,207640
Katrina,Barajas,1960-09-27,40273 Shaw Route,Ingénieur process aval,Nova Scotia,F,202638
Giuliano,Sartori,1984-06-14,358 Aaron Creek,Technicien paysagiste,Newfoundland and Labrador,F,206982
Vanessa,Gibson,1972-05-01,50411 Morrison Hollow Apt. 344,Géothermicien,New Brunswick,F,200052
Dylan,Fontana,1945-07-06,94301 Evans Square Suite 933,Hot liner,Saskatchewan,F,209270
Alexandria,Jacquot,2000-05-21,4070 Krause Ridge,Anatomiste,Yukon Territory,F,202460
Laure,Fischer,1957-09-26,723 Robert Mission Suite 153,Carrossier ,Saskatchewan,F,204382
Aurore,Lefevre,1986-11-24,3541 William Forest Apt. 209,Chargé des méthodes outils et qualité en informatique,Quebec,F,208517
Juana,Águila,1989-05-27,04417 Chapman Fords Suite 334,Météorologiste,Quebec,F,201398
Elena,Echeverría,1984-06-11,84164 Fitzgerald Lock,Animateur de radio et de télévision,Saskatchewan,F,208550
Verónica,Romero,1978-09-30,098 Moore Pike Apt. 321,Rédacteur on line,New Brunswick,F,200165
Leslie,Miller,1979-09-19,704 Victoria Mountain,Juriste droit de l'environnement,Nunavut,F,208477
Desiree,Casey,1985-10-03,9267 Zachary Crossing Suite 999,Audioprothésiste,Manitoba,F,205958
Adriano,De Santis,1944-02-28,968 Allen Knoll,Bottier,Manitoba,F,203323
Abigail,Clay,1954-02-18,521 Michelle Square,Consignataire de navire,Quebec,F,205171
Kayla,Jones,1953-10-29,51958 Harper Islands Apt. 269,Responsable micro,Newfoundland and Labrador,F,208904
Debra,Brown,1960-02-26,42154 Jessica Knoll Suite 041,Illustrateur,Ontario,F,200249
Amélie,Chauvet,1990-01-20,984 Sanchez Well Apt. 570,Technicien des industries du verre,Prince Edward Island,F,208367
Alexandria,Bailly,1995-08-14,213 Amber Ford Apt. 733,Vendeur en fournitures automobiles,Nunavut,F,209145
Éléonore,Le Gall,1996-10-16,05133 Hayden Mission Apt. 709,Journaliste,Yukon Territory,F,207645
Patricia,Griffin,1979-10-11,30225 Anne Dam Suite 680,Carreleur-mosaïste,New Brunswick,F,202253
Geneviève,De Sousa,1958-01-31,866 Conner Garden,Ingénieur en génie climatique,Prince Edward Island,F,204535
Pauline,Gilbert,1976-07-12,752 William Views,Médecin humanitaire,Northwest Territories,F,204352
Capucine,Jacquet,1966-05-30,7820 Brian Groves,Orfèvre,New Brunswick,F,208535
Margaux,Thomas,1984-08-29,168 Williams Curve,Auditeur externe,New Brunswick,F,205879
Kristina,Williams,1977-01-29,287 Manuel Glens Apt. 606,Chef de chantier en installations électriques,New Brunswick,F,203625
Maristella,De Santis,1950-07-30,98249 Thompson Trace Suite 887,Pilote de ligne automatisée ,Nova Scotia,F,203530
Audrey,Martinez,1993-01-17,605 Richard Cape Suite 289,Directeur d'hôpital,Ontario,F,208933
Cesidia,Romano,1945-11-25,41188 Kemp Villages Suite 193,Chargé de production,Quebec,F,207002
Danthon,Guerra,1961-06-07,79317 Cheryl Ridge,Serrurier,Quebec,F,200456
Cécile,Vasseur,1982-10-24,54120 Amanda Locks Apt. 402,Barman ,Ontario,F,202609
Valdo,Ferretti,1955-12-01,988 Jeremiah Place Apt. 812,Astrophysicien,Ontario,F,203364
Stacy,Sloan,1954-07-18,14250 Pamela Square Apt. 739,Vitrailliste,Quebec,F,205305
Michelle,Beck,1987-10-07,3112 Brian Radial,Ingénieur gaz,New Brunswick,F,203677
Victoria,Mendoza,1973-10-12,968 Ray Drive Apt. 335,Technicien,Saskatchewan,F,209850
Adèle,Renault,1953-10-23,29408 Teresa Street Apt. 750,Maraîcher,Ontario,F,204671
Valentine,Bruneau,1942-07-15,33551 Sonya Lodge,Optronicien,Northwest Territories,F,204598
Erin,Kelly,1970-10-03,26933 Schmitt Points,Danseur,Nunavut,F,207476
Amanda,Nicholson,1967-09-24,7320 Schmidt Crossing Suite 248,Ingénieur cloud computing,British Columbia,F,207957
Brigitte,Marechal,1976-09-17,878 Mario Corners,Gestionnaire de portefeuille,Quebec,F,200501
Ashley,Gutierrez,1961-12-19,535 Stephanie Shores Apt. 490,Projectionniste,Prince Edward Island,F,200499
Marthe,Letellier,1991-01-12,8563 Young Prairie,Mécanicien en matériel agricole,Yukon Territory,F,208172
Maryse,Laporte,1967-03-10,465 Gabriel Crest,Chef de fabrication des industries graphiques,New Brunswick,F,202093
Nicole,Baker,1992-10-26,3912 Robert Village,Juriste droit de l'environnement,Newfoundland and Labrador,F,207228
Anastasie,Marty,1968-11-19,25263 Phillip Locks Apt. 413,Conseiller en génétique,Saskatchewan,F,206310
Pénélope,Chevallier,1956-05-31,405 Duncan Landing,Webdesigner,Northwest Territories,F,200145
Marianne,Marie,1973-06-04,503 Wright Light,Ingénieur brevets,British Columbia,F,202754
Christelle,Paul,1978-08-04,35059 Blake Mountains,Souffleur de verre ,Nova Scotia,F,200957
Alexandrie,Mercier,1985-07-09,751 Paul Hills Suite 610,Ingénieur en R et D en énergies renouvelables,Nunavut,F,201668
Élise,Boucher,1947-10-13,02192 John Summit,Marin de commerce,Nunavut,F,200020
Nathalie,Dumas,1964-12-27,04367 Macdonald Common Apt. 390,Ingénieur,British Columbia,F,205942
Kimberly,Garcia,1988-07-16,29595 Charles Points,Chef de projet informatique,Manitoba,F,207045
Océane,Dubois,1953-05-19,358 Brenda Green Apt. 212,Géothermicien,Alberta,F,205293
Crystal,Coleman,1956-05-08,146 Michael Creek Apt. 327,Chargé de pharmacovigilance,Northwest Territories,F,203607
Demian,Serra,1969-11-25,9648 Fisher Land Apt. 001,Masseur-kinésithérapeute,Nunavut,F,207475
Brenda,Mccarty,1998-09-15,91620 Sierra Orchard Apt. 168,Parfumeur,Saskatchewan,F,203028
Milagros,Izquierdo,1949-07-11,913 York Skyway,Volcanologue,Saskatchewan,F,204852
Juana,Gallego,1951-07-03,345 Daniel Haven,Commissaire-priseur,Northwest Territories,F,208207
Margot,Lelievre,1992-10-19,013 Sherry Garden Suite 568,Animateur du patrimoine,Prince Edward Island,F,206401
Chantal,Bazin,1959-08-24,62574 Cantu Lodge Apt. 383,Ajusteur,Prince Edward Island,F,209151
Anaïs,Joseph,1969-04-16,18128 Brian Fields Apt. 129,Chef de publicité,Nova Scotia,F,203981
Isabelle,Leclerc,1944-04-05,9667 Alison Ways,Agent de service commercial train,Ontario,F,204406
Nathalie,Martel,1961-05-04,7259 Kennedy Island,Palefrenier,Prince Edward Island,F,202812
Valérie,Henry,1967-05-18,99039 Morgan Branch Apt. 639, ingénieur,Manitoba,F,209675
Célina,Carre,1988-07-01,702 Katherine Squares Suite 097,Scripte,New Brunswick,F,206131
Lauren,Mcknight,1953-06-14,711 Fuller Islands Apt. 533,Gouvernante,Yukon Territory,F,205506
Gastone,Russo,1997-10-13,471 Ortiz Corners Apt. 666,Juge d'instruction,Saskatchewan,F,206427
Jacqueline,Walsh,1950-02-02,228 Mitchell Creek Apt. 473,Auxiliaire de vie sociale,Nunavut,F,207765
Michelle,Davis,1974-08-11,8823 Melton Spurs Apt. 747,Employé de pressing,Alberta,F,204555
Victoria,Huertas,1976-07-28,35092 Jeffrey Flats,Traducteur-interprète,Nova Scotia,F,200304
Mecren,Ferri,1999-09-25,1095 Edwards Coves Suite 282,Grutier,Nova Scotia,F,208186
Joséphine,Moulin,1943-06-24,69976 Sanders Crest Suite 360,Contrôleur,New Brunswick,F,209655
Raquel,Benavent,1951-06-15,96904 Krystal Stream Suite 993,Conseiller d'orientation-psychologue,Newfoundland and Labrador,F,204438
Battista,Benedetti,1985-03-08,571 Elliott Inlet,Surveillant de centre pénitentiaire,Yukon Territory,F,203274
Alighieri,Martinelli,1986-08-20,840 Green Junction Suite 941,Brodeur,Manitoba,F,201796
Thérèse,Cousin,1956-03-05,3353 Shelby Summit,Chef d'exploitation d'usine d'incinération,Northwest Territories,F,201315
Simone,Potier,1960-06-08,42861 Williams Plains,Responsable de la promotion des ventes,Manitoba,F,203920
Jacqueline,Meyer,1949-10-22,108 Joseph Freeway Suite 439,Monteur en réseaux de distribution électrique,Alberta,F,209581
Cecco,Grassi,1997-01-17,947 Kyle Port Apt. 010,Ingénieur procédés en chimie,New Brunswick,F,200374
Alexandrie,Laporte,1964-10-02,26542 Christian Point Apt. 016,Juriste droit de l'environnement,Prince Edward Island,F,200367
Jamie,Solis,1968-09-07,5941 Silva Island,Opérateur prépresse,Nova Scotia,F,202783
Lucie,Bonneau,1984-10-12,0300 Kathleen Corner Apt. 729,Garde ,Northwest Territories,F,206991
Élodie,Cohen,1972-03-01,896 Kevin Mills Suite 578,Responsable de fabrication en agroalimentaire,Yukon Territory,F,204780
Hortense,Labbe,1972-06-13,9644 Shaffer Estate,Technicien des industries du verre,Newfoundland and Labrador,F,202121
Jeanne,De Sousa,1989-12-28,7647 Katelyn Turnpike Apt. 954,Biostatisticien,Prince Edward Island,F,200756
Charlotte,Louis,1989-04-23,2441 Patrick Pike,Conseiller en environnement,British Columbia,F,205799
Brigitte,Pelletier,1967-04-11,1271 Green Bridge,Ergothérapeute,Ontario,F,205059
Alexandria,Dupuy,1993-09-14,5514 Kim Row Suite 952,Archiviste,New Brunswick,F,201686
Denise,Coste,1965-11-29,9937 John Crossroad Apt. 461,Psychomotricien,Yukon Territory,F,206061
Jeannine,Gros,1957-12-15,74173 Davis Vista Suite 245,Ingénieur du son,Ontario,F,209809
Marianne,Pichon,1960-10-12,7291 Brown Springs,Audioprothésiste,Prince Edward Island,F,204212
Alexandrie,Garcia,1980-03-23,73872 Howard Locks,Animateur du patrimoine,Saskatchewan,F,203941
Nath,Lombard,1958-03-18,992 Tina Loaf Suite 695,Administrateur de base de données,Nova Scotia,F,201450
Alex,Teixeira,1967-04-29,0470 Leah Rest Apt. 554,Consultant green IT,New Brunswick,F,208385
Simone,Loiseau,1988-09-24,4040 Laurie Pike Apt. 381,Juriste droit de l'environnement,Nunavut,F,209558
Patricia,Marchal,1987-02-14,631 Raymond Grove,Reporter-photographe,Northwest Territories,F,206069
Audrey,Marin,1982-05-21,994 Brown Mills,Géochimiste,Nunavut,F,201084
Pericle,Grasso,1991-10-15,3900 Joyce Spur,Pédologue,Quebec,F,209194
Maggie,Dupre,1989-03-03,4847 Wilson Knolls,Facteur d'instruments,Nova Scotia,F,204069
Pamela,Williams,1963-06-08,424 Sara Green,Qualiticien,New Brunswick,F,202414
Isabel,Clemente,1962-01-18,24384 Shawn Island Suite 774,Directeur de création,British Columbia,F,202824
Michèle,Lemoine,1969-08-25,82964 Willis Islands,Installateur en télécoms,Newfoundland and Labrador,F,206464
Fiorentino,Leone,1961-06-03,462 Chen Mission,Anesthésiste-réanimateur,Northwest Territories,F,205691
Michelle,Weber,1994-03-31,497 Laura Fort Apt. 825,Statisticien,Prince Edward Island,F,202029
Max,Negri,1995-11-06,2692 Sean Cliffs Apt. 876,Administrateur de mission humanitaire,Saskatchewan,F,201997
Anne,Giraud,1993-05-17,4976 Owens Ports,Formulateur,Ontario,F,205520
Madeleine,Morvan,1946-08-10,77944 Amy Rue Apt. 547,"Ingénieur fluides, énergies, réseaux, environnement",Nunavut,F,209828
Susanne,Petit,1944-07-08,77705 Gary Lake,Vendeur en animalerie,British Columbia,F,205012
Nath,Guillou,1947-12-29,130 Jeffrey Pass,Géomètre-topographe,Prince Edward Island,F,208178
Françoise,Faure,1960-02-15,6707 Grimes Drive Suite 289,Dessinateur de BD,Nova Scotia,F,205953
Margaret,Didier,1965-06-09,90200 Stone Orchard,Responsable du service après-vente,Quebec,F,203264
Anna,Ariza,1988-01-02,65955 Charles Burgs Apt. 489,Barman ,Prince Edward Island,F,202243
Robin,Owens,1993-05-27,89296 Moore Springs Apt. 304,Acheteur,Prince Edward Island,F,202044
Encarnacion,Pina,1994-11-03,197 Mcclure Divide Suite 627,Chargé d'affaires en génie climatique,Northwest Territories,F,206038
Trinidad,Pons,1981-10-06,578 Wright Lake Suite 177,Architecte produit industriel,New Brunswick,F,208416
Henriette,Ledoux,1956-09-19,196 Lawrence Parkways Suite 306,Conservateur du patrimoine,Nunavut,F,205082
Soledad,Segovia,1959-08-05,05100 Reynolds Fork Suite 201,Directeur,New Brunswick,F,207702
Jennifer,Salazar,1954-05-09,72714 Alicia Shores,Soudeur,Newfoundland and Labrador,F,206228
Dolores,Becerra,1981-03-22,371 Smith Throughway,Commercial export,British Columbia,F,201946
Megan,Flores,1996-04-16,33941 Alexa Turnpike Suite 058,Pédiatre,Newfoundland and Labrador,F,200776
Yolanda,Patel,1987-10-11,373 Kristopher Vista,Conseiller en insertion sociale et professionnelle,Manitoba,F,201999
Aimée,Gillet,1952-12-25,99256 Watson Center,Administrateur de logiciels de laboratoire,Saskatchewan,F,205335
Susanne,Guillou,1993-03-21,94027 Santos Skyway,Officier de la marine marchande,Ontario,F,204189
Jacqueline,Parent,1986-07-11,7511 Baker Centers Suite 366,Chargé des méthodes outils et qualité en informatique,Ontario,F,205643
Agnès,Renaud,1976-10-06,4720 Matthew Path,Agronome,Nova Scotia,F,207123
Elizabeth,Scott,1950-04-08,9996 Burke Rapid,"Ingénieur fluides, énergies, réseaux, environnement",Quebec,F,208029
Michelle,Antoine,1968-07-07,2676 Miller Dam,Infirmier humanitaire,Prince Edward Island,F,200184
Kaylee,Bailey,1955-10-18,004 Melvin Spurs Apt. 417,Serrurier,Northwest Territories,F,203444
Veronica,Fernandez,1962-04-28,0894 Eduardo Curve Apt. 607,Staffeur-ornemaniste,Saskatchewan,F,201038
Suzanne,Collins,1945-12-20,4750 Annette Stream Apt. 741,Consultant green IT,Northwest Territories,F,207625
Trinidad,Escobar,1982-11-22,435 Harris Orchard,Technicien d'intervention clientèle gaz,Northwest Territories,F,206581
Karen,Shaw,1950-09-25,24645 Heather Drive Apt. 813,Chirurgien-dentiste,New Brunswick,F,204961
Sharon,Jackson,1981-02-20,2432 Devin Mountain Apt. 036,Architecte naval ,Northwest Territories,F,204549
Odette,Vasseur,2000-04-20,31577 Mark Plains,Consignataire de navire,Saskatchewan,F,204407
Valentine,Berger,1988-05-19,53186 Hudson Harbor Suite 971,Tailleur de pierre,Saskatchewan,F,207009
Renée,Thomas,1953-11-22,9774 Simmons Bridge Suite 780,Commercial export,Prince Edward Island,F,207646
Laura,Butler,1946-08-12,516 Don Coves Apt. 594,Dépanneur en électroménager,Nunavut,F,201888
Kristin,Doyle,1972-11-04,8927 Griffith Extensions Suite 874,Orthoprothésiste,Saskatchewan,F,202106
Renée,Allard,1968-02-23,07553 Schneider Tunnel Suite 852,Mécanicien bateaux,Northwest Territories,F,202744
Élise,Gauthier,1998-07-04,7211 Powers Crossing Apt. 119,Juriste d'entreprise,Newfoundland and Labrador,F,200761
Claudine,Blondel,1958-03-31,23875 White Lodge,Architecte d'intérieur,Ontario,F,205493
Sarah,West,1991-04-20,336 Patricia Tunnel,Technicien chimiste,Alberta,F,208819
Monique,Moulin,1964-02-07,625 Cynthia Lights,Façadier,Alberta,F,203572
Christina,Hoffman,1999-06-24,15735 James Radial Apt. 730,Pâtissier,Saskatchewan,F,205445
Quirino,Damico,1980-01-16,53906 William Throughway,Chef de projet démantèlement nucléaire,Ontario,F,204848
Victoria,Lamb,1986-08-03,5097 Villarreal Wall Suite 632,Sous-officier de l'armée de terre,Newfoundland and Labrador,F,203114
Terri,Chambers,1999-09-10,662 Michael Motorway,Ferronnier d'art,Quebec,F,207882
Frédérique,Laine,1955-01-27,3066 Mccarthy Rapids Apt. 317,Ingénieur brevets,Nunavut,F,204664
Dominique,Muller,1964-10-06,6761 Murray Mountain,Ethnologue,British Columbia,F,208068
Denise,Paris,1974-09-14,54206 Amy Motorway,Décolleteur,New Brunswick,F,204875
Jennifer,Holland,1965-09-27,820 Clay Crest,Documentaliste,Quebec,F,204440
Claude,Brunel,1996-07-19,622 David Field,Souffleur de verre ,Yukon Territory,F,206708
Élise,Perez,1963-10-27,835 Brown Circle Apt. 273,Aide-soignant,Northwest Territories,F,201711
Mónica,Santos,1947-08-31,9913 Cabrera Ranch Apt. 149,Visiteur,Newfoundland and Labrador,F,204439
Jessica,Hancock,1955-03-20,74231 Alexander Shores,Technicien en lignes haute tension ,Alberta,F,208253
Tami,Rodriguez,1982-09-07,38332 Riley Valleys,Ingénieur en électronique numérique,Yukon Territory,F,208394
Sabine,Masse,1982-09-23,7087 Anderson Road,Chanteur,Quebec,F,204567
Lisa,Torres,1948-12-16,606 Harris Wells Suite 467,Entraîneur ,Nunavut,F,206139
Bacchisio,Santoro,1989-01-31,59211 Cesar Hollow Suite 014,Orthophoniste,New Brunswick,F,209482
Claudia,Frutos,1955-10-06,010 Cameron Underpass Suite 687,Ingénieur en construction automobile,Nova Scotia,F,205709
Kim,Mcdonald,1976-06-25,2114 Sullivan Bridge Apt. 030,Ingénieur chimiste en développement analytique,Ontario,F,201780
Sandra,Brown,1981-05-21,36961 Parker Corners Apt. 770,Officier de gendarmerie,British Columbia,F,201633
Susan,Renault,1982-10-03,797 Richard Hollow,Psychomotricien,Nunavut,F,203758
Chantal,Guillet,1947-09-07,1910 Francisco Lock Suite 036,Consultant,Quebec,F,208289
Raquel,Bustos,1947-07-29,615 Richardson Ferry Suite 104,Webdesigner,Newfoundland and Labrador,F,208873
Deborah,Guerrero,1957-07-04,9508 Huang Stravenue Apt. 944,Géologue minier,Saskatchewan,F,208516
Michelle,Bonnet,1962-11-19,58958 Gill Brook Apt. 766,Ingénieur d'application,Manitoba,F,204800
Carmen,Barrera,1967-08-01,73438 Richard Mill,Sous-officier de l'armée de terre,Prince Edward Island,F,207938
Leone,Pagano,1979-04-15,0848 Kim View,Inspecteur du permis de conduire et de la sécurité routière,New Brunswick,F,208901
Alix,Dupuy,1980-11-17,21488 Horne Ports Apt. 884,Géochimiste,Ontario,F,200417
Agnès,Breton,1991-10-03,0781 Gregory Island,Ingénieur,Ontario,F,206706
Rebecca,Rodriguez,1974-05-08,078 Judith Extensions,Ingénieur en informatique,Newfoundland and Labrador,F,203707
Elena,Marquez,1976-04-14,4630 Joseph Well Suite 660,Médiateur,Ontario,F,200171
Cécile,Couturier,1951-08-28,34464 Nelson Highway,Ambulancier,New Brunswick,F,200745
Capucine,Auger,1973-09-25,10444 Andrew Islands,Ingénieur de la police technique et scientifique,Nova Scotia,F,204043
Christine,Boucher,1992-10-04,8274 Amanda Fall,Pédiatre,British Columbia,F,201985
Osea,Rizzo,1974-08-14,9127 Melton Lodge,Fleuriste,New Brunswick,F,203308
Dorothée,Andre,1966-08-15,1982 Wallace Land Apt. 450,Ingénieur,Alberta,F,203353
Alexandra,Barnett,1970-11-25,13559 Johnson Shores,Chargé d'études ressources humaines,Quebec,F,209389
Nunzia,Esposito,1961-10-13,012 Stacey Station Apt. 213,Soudeur,Saskatchewan,F,202982
Amber,Fritz,1972-11-23,74928 Baker Greens Suite 310,Webdesigner,Nunavut,F,206222
Joséphine,Maillet,1958-05-31,5559 Daniel Burgs Suite 349,Agent de propreté urbaine,Ontario,F,209625
Carmen,Jiménez,1984-01-06,31923 Mary Circle,Ingénieur,Ontario,F,203244
Sonia,Calzada,1997-09-22,91250 Erika Springs,Artiste de cirque,Yukon Territory,F,209268
Claude,Marie,1987-07-10,370 Baker Street,Chargé des méthodes outils et qualité en informatique,New Brunswick,F,206614
Marie,Deschamps,1959-04-22,6903 Jeffrey Way,Assistant,Quebec,F,201104
Agnès,Tessier,1991-06-02,61737 Mcdaniel Ports,Archiviste,Alberta,F,202191
Jennifer,Silva,1991-06-06,7789 Kevin Summit,Ingénieur en aéronautique,New Brunswick,F,200390
Olivie,Letellier,1947-12-24,6503 Raymond Circles Suite 119,Projectionniste,Manitoba,F,208752
Susanne,Lucas,1969-04-20,03596 Barr Expressway,Conseiller en fusion-acquisition,Ontario,F,205923
Rhonda,Gomez,1960-06-23,13867 Eric Knolls,Responsable de fabrication en agroalimentaire,Prince Edward Island,F,205823
Camille,Nguyen,1996-06-28,948 Michelle Loaf Suite 668,Responsable de réseau eau potable,Nova Scotia,F,204896
Antonino,Mancini,1948-03-22,142 Kristen Fields,Responsable de site de traitement des déchets,Manitoba,F,208368
Evangelista,Bernardi,1948-08-29,621 Keith Motorway Suite 659,Matelot,British Columbia,F,206889
Taylor,Mcclure,1943-04-23,4066 Alex Mill Apt. 630,Chef de projet démantèlement nucléaire,Ontario,F,200323
Inès,Remy,1980-05-26,12201 Jake Forest Suite 969,Directeur de magasin à grande surface,Alberta,F,203388
Natalie,Anderson,1984-02-26,9885 Cooper Drive Apt. 932,Éducateur,Northwest Territories,F,205190
Joséphine,Renard,1970-01-08,389 Estrada Burgs,Agent d'assurances ,Nova Scotia,F,209484
Alix,Riou,1993-10-09,133 Jeffrey Flats Suite 674,Guide de haute montagne,Prince Edward Island,F,201903
Domiziano,Testa,1960-10-23,4336 Jasmine Isle Apt. 945,Monteur en réseaux de distribution électrique,New Brunswick,F,200536
Madeleine,Picard,1986-08-14,62674 Andrew Burgs Suite 093,Bio-informaticien,Prince Edward Island,F,201765
Taylor,Robinson,1965-09-28,0306 Herrera Mills,Professeur de lycée professionnel ou technique ,Manitoba,F,201153
Anouk,Guilbert,1990-12-04,6475 Matthew Stravenue Suite 267,Climatologue,Nova Scotia,F,203729
Rhonda,Thompson,1999-05-17,53943 Bailey Dam Apt. 167,Militaire du rang ,New Brunswick,F,207499
Émilie,Moulin,1983-08-15,12345 Bailey Wells,Photographe,British Columbia,F,209858
Remedios,Vallés,1969-03-17,24489 Herman Village Suite 066,Inspecteur,Quebec,F,200312
Norma,Beltran,1953-09-12,19447 Gordon Cliffs,Agent de sécurité,Saskatchewan,F,202578
Hélène,Raymond,1951-01-20,1209 Blake Field Apt. 185,Matelot,Alberta,F,207497
Frédérique,Hardy,1971-05-07,133 Kelsey Prairie Suite 915,Directeur d'office de tourisme,Quebec,F,208733
Aurore,Chretien,1959-12-15,825 Samuel Manors Suite 386,Concepteur,Quebec,F,204134
Marianne,Bonnet,1952-07-05,60949 Garcia Key,Chargé d'études en marketing,Yukon Territory,F,205013
Crystal,Robinson,1997-05-03,4532 Amber Ranch,Développeur économique,Newfoundland and Labrador,F,204025
Nancy,Gomez,2000-05-04,680 Anthony Terrace Apt. 108,Géomaticien,Nunavut,F,202378
Marissa,Snyder,1986-11-16,5819 Davis Spur Suite 449,Illustrateur,Manitoba,F,203838
Linda,Herman,1969-07-29,55742 Miller Corners Apt. 800,Professeur des écoles ,Saskatchewan,F,205848
Diane,Roche,1989-06-05,518 John View Apt. 613,Adjoint,Yukon Territory,F,204857
Stephanie,Blanchard,1997-12-07,679 Chelsea Square Apt. 227,Développeur économique,Ontario,F,206204
Éléonore,Verdier,1948-11-04,603 Lewis Mills Suite 252,Technicien de police technique et scientifique,New Brunswick,F,207121
Claude,Royer,1975-01-30,0568 Larry Row,Ingénieur en production et expérimentations végétales,Newfoundland and Labrador,F,201745
Denise,Gauthier,1954-06-22,18302 Matthew Wells,Démographe,Nova Scotia,F,207838
Carol,Jimenez,1976-01-20,825 Michael Road Apt. 789,Déménageur,Nova Scotia,F,201560
Natalia,Uribe,1996-07-02,2455 Sarah River Suite 732,Pilote de ligne,Newfoundland and Labrador,F,209122
Astrid,Michaud,1962-10-19,145 Matthews Highway Suite 808,Restaurateur d'oeuvres d'art,British Columbia,F,206748
Aimee,Valencia,1942-01-04,443 Kimberly Valleys Suite 815,Sportif de haut niveau,British Columbia,F,207436
Diane,Durand,1981-05-16,27807 Matthew Lights,Solier-moquettiste,New Brunswick,F,205209
Susanne,Lemoine,1999-08-22,597 Joe Oval Apt. 541,Commissaire-priseur,Yukon Territory,F,203789
daisy,Rodriguez,1944-01-19,0460 Moore Falls Suite 696,Hydrogéologue,Yukon Territory,F,202715
Theresa,Murphy,1975-03-24,68027 Sydney Drives,Fleuriste,Manitoba,F,202042
Philippine,Roche,1989-05-01,2762 Raymond Islands Apt. 264,Technicien automobile,New Brunswick,F,205742
Joséphine,Menard,1959-01-30,6848 Kathy Summit,Pédiatre,Prince Edward Island,F,200827
Damiana,Palmieri,1973-01-07,2416 Moran Hill Apt. 432,Technicien de police technique et scientifique,British Columbia,F,207980
Clémence,Weiss,1969-08-20,6636 Cooper Valleys,Assistant,Quebec,F,209276
Adrienne,Leconte,1978-03-30,3153 Kristin Mission Suite 886,Gardien de police municipale,Nunavut,F,209339
Olivie,Boulanger,1957-06-14,172 Travis Views,Inspecteur de banque,Saskatchewan,F,200463
Angela,Sanabria,1998-08-02,490 Samantha Greens Suite 771,Attaché d'administration,Alberta,F,201616
Olga,Arnaiz,1956-09-01,667 Sandra Ridge Suite 997,Contrôleur technique automobile,Ontario,F,206791
Marina,Sala,1981-09-06,6558 Mendoza Rapid,Coordonnateur d'études cliniques,Newfoundland and Labrador,F,208356
Aimée,Cohen,1977-12-12,6004 Burke Square,Professeur de collège et de lycée,Yukon Territory,F,200025
Carla,Hodge,1961-05-25,983 Torres Well,Ingénieur d'application,Nova Scotia,F,207299
Joey,Montanari,1942-04-21,84780 Guzman Via Suite 610,Guichetier,New Brunswick,F,207378
Terri,Jacobs,1978-12-15,885 Melissa Common,Logisticien,New Brunswick,F,201673
Élisabeth,Moreau,1970-08-11,83603 Brian Grove Apt. 198,Maroquinier,Nova Scotia,F,202268
Alyssa,Lam,1953-12-14,3254 Moss Light Apt. 256,Contrôleur,Manitoba,F,201561
Christine,Aubry,1960-08-28,16302 Farrell Island Suite 715,Responsable micro,Nunavut,F,201078
Mary,Ryan,1989-05-24,137 Price Garden,Responsable de réseau eau potable,British Columbia,F,209331
Noémi,Nicolas,1976-04-18,84295 Powell Estate,Secrétaire de rédaction,Quebec,F,203991
Maryse,Lefort,1987-11-15,6331 Christina Radial Apt. 840,Conducteur de machines agricoles,Ontario,F,208924
Emmanuelle,Riviere,1967-04-22,934 Dwayne Crossing Suite 257,Chargé d'études en valorisation agricole des déchets,Nova Scotia,F,209010
Jeanne,Picard,1959-06-30,55622 Amy Shoal,Chercheur en physique   ,Manitoba,F,207029
Nathalie,Dupont,1993-08-10,016 Baker Corner Suite 244,Ouvrier paysagiste,Northwest Territories,F,209742
Karen,Kelly,1967-02-19,83549 Sarah Ferry Apt. 326,Chargé d'études en valorisation agricole des déchets,Nunavut,F,209502
Veronica,Mcconnell,1954-06-13,494 Ashley Causeway,Caissier,Nova Scotia,F,202147
Chantal,Guillet,1995-03-11,2364 Bush Lakes Suite 959,Responsable du recrutement,Northwest Territories,F,207051
Nathalie,Gay,1948-12-21,3222 Ernest Union Apt. 197,Enseignant,Newfoundland and Labrador,F,200932
Dominique,Lesage,1973-05-19,970 Ball Vista Suite 550,Maréchal,Quebec,F,206580
Amber,Booker,1985-03-01,89718 Edward Branch Apt. 230,Inspecteur du permis de conduire et de la sécurité routière,New Brunswick,F,207913
Dorothée,Carre,1976-01-06,682 Lisa Trafficway,Auxiliaire spécialisé vétérinaire,New Brunswick,F,208049
Marianne,Ollivier,1962-12-11,38761 Johnson Vista,Assistant en ressources humaines,New Brunswick,F,203379
Claudine,Riou,1974-11-11,034 Clinton Dam,Ingénieur,Saskatchewan,F,201777
Milagros,Mateo,1952-02-13,321 James Springs,Professeur de lycée professionnel ou technique ,Northwest Territories,F,203647
Kristen,Mitchell,1964-10-12,83733 Thomas Ports,Technicien en optique de précision,Ontario,F,208709
Anaïs,Brunel,1963-06-10,12809 Noble Lights Apt. 425,Technicien de l'intervention sociale et familiale,New Brunswick,F,202584
Geneviève,Collet,1943-04-02,381 Mccall Island,Professeur dans l'enseignement agricole,Saskatchewan,F,209161
Caroline,Voisin,1981-02-22,9009 Tara Land,Chargé,Saskatchewan,F,205647
Holly,Bass,1994-12-02,0431 Patterson Mount Suite 567,Greffier,Saskatchewan,F,203927
Adèle,Riviere,1997-05-31,97504 David Burg Apt. 057,Ingénieur hydroécologue,Alberta,F,208979
Dorothée,Launay,1986-08-01,522 Mcclain Route,Ingénieur système,Alberta,F,205608
Philippine,Carlier,1987-05-04,1777 Mcdonald Vista,Astrophysicien,Nova Scotia,F,208118
Anouk,Denis,1977-04-18,6268 Taylor Shoal Apt. 633,Chef de chantier en installations électriques,Newfoundland and Labrador,F,204469
Kari,Matthews,1967-12-14,6454 Walker Stream Suite 161,Assistant en ressources humaines,British Columbia,F,206545
Ashley,Owens,1943-12-23,1560 Cynthia Glen,Soudeur,Alberta,F,208520
Élise,Marion,1992-07-21,400 Anne Lights,Responsable de la rémunération,Saskatchewan,F,203013
Chantal,Leblanc,1942-10-07,48609 Martin Skyway Apt. 825,Vendeur en magasin,Northwest Territories,F,209355
Sheila,Roman,1992-11-11,23268 Amy Forge Apt. 413,Ajusteur,Newfoundland and Labrador,F,206524
Brittany,Blair,1977-11-27,183 Dyer Mission,Paléontologue,Northwest Territories,F,209024
Renée,Pons,1955-01-31,200 Parsons Alley,Sous-officier de l'armée de l'air,Yukon Territory,F,200785
Philippine,Legendre,1996-05-07,6319 Christopher Shoal,Technicien de fabrication de mobilier et de menuiserie,Yukon Territory,F,202085
Margot,Chauveau,1982-08-05,117 Barbara Path Apt. 631,Conducteur de train / TGV,Prince Edward Island,F,208930
Cynthia,Maldonado,1991-07-27,507 Stephanie Square Suite 340,Conducteur de bus ou d'autocar,Nunavut,F,204451
Agnès,Blanchet,1953-06-17,246 Burke Junction Suite 763,Ingénieur de la police technique et scientifique,Prince Edward Island,F,202154
daisy,Lefort,1995-07-20,827 Leah Landing Suite 876,Chef des ventes,British Columbia,F,202073
Antoinette,Navarro,1983-12-01,212 Garza Trafficway Apt. 387,Conseiller en génétique,Nunavut,F,202135
Brenda,Simmons,1991-03-24,54640 Miller Loaf Apt. 673,Botaniste,British Columbia,F,202113
Suzanne,Williams,1971-06-29,994 Benson Forge Suite 736,Bottier,Prince Edward Island,F,202683
Fiorenzo,Greco,1954-04-26,667 Jeffrey Ranch Apt. 301,Souffleur de verre ,Ontario,F,207217
Michèle,Besnard,1968-08-05,9002 Angela Burg,Ingénieur process aval,Newfoundland and Labrador,F,201342
Margaud,Jacquet,1955-04-05,68224 Johnson Shoal Apt. 461,Secrétaire administratif,Prince Edward Island,F,204985
Lucie,Henry,1992-10-12,4241 Mcdonald Lakes Suite 464,Ingénieur maintenance aéronautique,Prince Edward Island,F,208997
Prisca,Battaglia,1956-10-24,722 Bates Prairie,Géologue modélisateur,Ontario,F,200102
Henriette,Blot,1989-02-14,18435 Christopher Dale,Ingénieur études et développement en logiciels de simulation,Nunavut,F,205971
Claire,Menard,1958-10-18,440 Kelly Harbor,Juriste en propriété intellectuelle,New Brunswick,F,205120
Siro,Romano,1980-09-19,2040 Kelly Knolls Suite 722,Électronicien automobile,Yukon Territory,F,205878
Édith,Da Silva,1970-04-29,67013 Kayla Crest,Ingénieur du BTP,Northwest Territories,F,202713
Amy,Hale,1972-10-11,359 Garner Coves Apt. 881,Cartographe,British Columbia,F,203402
Laetitia,Antoine,1949-05-22,205 Graham Ways,Chargé de projet événementiel,Nova Scotia,F,202636
Robin,Shields,1940-10-15,99356 Henderson Stream Suite 316,Gardien de la paix,Nunavut,F,200792
Lucy,Bazin,1961-06-10,11701 Brianna Glen Suite 882,Inspecteur,Northwest Territories,F,201510
Kathryn,Mahoney,1970-05-23,421 Hernandez Stream,Surveillant de centre pénitentiaire,New Brunswick,F,204244
Sabine,Sanchez,1996-11-09,749 Thomas Corners,Orthoptiste,New Brunswick,F,204660
Teresa,Iñiguez,1951-11-23,7279 Rivera Centers,Ingénieur,Ontario,F,200567
Adélaïde,Henry,1976-12-07,63978 Dana Gardens Apt. 030,Conseiller en économie sociale et familiale,Alberta,F,205817
Alexandria,Lenoir,1991-12-10,904 Elizabeth Prairie,Aide médico-psychologique,Northwest Territories,F,209763
Ana,Pedrosa,1963-02-05,812 Smith Views Apt. 135,Hydrogéologue,Nunavut,F,202075
Lourdes,Ruano,1962-01-15,622 Alyssa Drive,Chef des ventes,Manitoba,F,201994
Isabelle,Maillard,1961-12-04,794 Grant Land,Veilleur stratégique,Northwest Territories,F,209402
Jennifer,Dorsey,1945-07-27,347 Smith Mountains,Marin de commerce,Prince Edward Island,F,206712
Debbie,Brown,1945-05-21,3728 Jennifer Court Suite 806,Ingénieur technico-commercial en chimie,Saskatchewan,F,200861
Olga,Olmo,1951-08-21,978 Anderson Parkways,Souscripteur,Alberta,F,205991
Vienna,Gentile,1981-04-08,752 Edward Motorway Suite 599,Agent de service commercial train,New Brunswick,F,206282
Margaud,Jacquet,1944-03-17,8223 Williams Square Suite 216,Consultant green IT,British Columbia,F,200979
Cosetta,Caruso,1997-01-25,40039 Jackson Circles Suite 881,Credit manager,Alberta,F,207908
Zoé,Rey,1977-05-02,346 Butler Valley,Botaniste,Prince Edward Island,F,200209
Marie,Hebert,1985-02-02,34236 Smith Walks Apt. 642,Électronicien automobile,Saskatchewan,F,207636
Jeanne,Bruneau,1968-09-16,82910 Parker Stravenue,Employé de restaurant,Prince Edward Island,F,201641
Jessica,Munoz,1953-04-25,02279 Julie Cape Apt. 762,Encadreur,Northwest Territories,F,207016
Flavio,Sanna,2000-06-22,8827 Brenda Trail Apt. 190,Étalagiste,New Brunswick,F,205244
Mar,Fuente,1970-02-06,04738 Rachel Path Suite 505,Soigneur,Quebec,F,203479
Constance,Diallo,1952-06-30,239 Whitehead Garden Suite 251,Attaché,Ontario,F,208490
Elizabeth,Hunter,1963-04-25,279 Joseph Corner Suite 735,Neurobiologiste,British Columbia,F,201070
Arcibaldo,Lombardo,1975-09-02,7480 Robert Glens,Cartographe,Ontario,F,205487
Linda,Strickland,1943-09-09,811 Smith Summit Apt. 508,Ingénieur,British Columbia,F,204313
Brandy,Harrington,1976-02-21,66582 Terry Isle,Analyste financier,Alberta,F,203900
Manon,Munoz,1968-01-06,0102 Jillian Land Apt. 985,Officier de la marine marchande,Northwest Territories,F,206307
Patricia,Barron,1988-12-02,110 Amy Gardens,Mouleur,Nova Scotia,F,204419
Susanne,Lacroix,1990-12-06,673 Samantha Trail,Technicien en automatismes,Ontario,F,206761
Jennifer,Baker,1965-03-03,1773 Lisa Parkways,Orfèvre,Saskatchewan,F,208514
Eufemia,Fontana,1989-06-07,64841 Janice Isle,Secrétaire juridique,Newfoundland and Labrador,F,206652
Susanne,Gaudin,1979-05-13,176 Emily Cape Suite 856,Oenologue,Yukon Territory,F,207516
Rachel,Peterson,1967-12-25,0984 Gross Divide Apt. 508,Technicien télécoms et réseaux,Alberta,F,208191
Margot,Leduc,1972-07-26,448 Leah Manors,Ingénieur chimiste,Alberta,F,206843
Mathilde,Lefort,1957-07-15,66279 Jaclyn Skyway,Fiscaliste,Alberta,F,200825
Denise,Lucas,1970-05-26,749 Turner Dam,Vendeur-conseil en matériel agricole,Yukon Territory,F,201287
Aaron,Serra,1963-05-19,71601 Amy Pass,Syndic de copropriété,Northwest Territories,F,206704
Véronique,Gilbert,1973-12-23,0816 Anderson Mountains,Ajusteur,New Brunswick,F,206871
Catalina,Fábregas,1993-06-17,81240 Davies Haven,Archiviste,Manitoba,F,202134
Zoé,Mathieu,1951-03-23,78270 Julia Gardens,Responsable du back-office,Quebec,F,200707
Tazio,Parisi,1986-06-13,222 Mitchell Knolls Suite 315,Gardien de police municipale,Newfoundland and Labrador,F,204057
Ángeles,Iniesta,1971-07-20,9156 Carter Walks Suite 335,Technicien de forge,New Brunswick,F,201349
Kathleen,Rose,1992-11-02,500 Goodman Heights Apt. 541,Installateur en télécoms,Prince Edward Island,F,201666
Antoinette,Begue,1949-05-16,4102 Jacob Overpass Suite 266,Agronome,Yukon Territory,F,208408
Sharon,Ortiz,1995-01-25,7378 Cameron Harbors,Technicien des industries du verre,Saskatchewan,F,209978
Donna,Young,1980-09-08,1657 Jimenez Freeway Suite 395,Technicien de l'intervention sociale et familiale,New Brunswick,F,206120
Asunción,Estrada,1955-07-04,419 Linda Cliff Suite 895,Concepteur multimédia,Saskatchewan,F,208513
Aurore,Dubois,1991-04-18,379 Patricia Drive,Mécanicien moto,Prince Edward Island,F,206669
Frédérique,Sauvage,1976-03-20,5907 Taylor Mountains,Cadreur,Manitoba,F,206693
Lucy,Pages,1961-06-09,18903 Zachary Points,Animateur,New Brunswick,F,204472
Arnaude,Marty,1961-01-23,948 Maxwell Loaf,Officier de marine,Northwest Territories,F,209120
Morgan,Robinson,1952-08-23,42227 Elliott Mountains,Technicien automobile,Nova Scotia,F,205262
Nathalie,Gros,1950-11-04,87605 Todd Plaza Suite 915,Ingénieur,Northwest Territories,F,203738
Adèle,Jean,1945-05-17,7833 Tyler Underpass Suite 870,Responsable de laboratoire de contrôle en biologie,Manitoba,F,207853
Caitlyn,Sharp,1947-01-28,8914 Frank Overpass,Accompagnateur de voyages,Prince Edward Island,F,207263
Jelena,Sartori,1958-09-30,399 Gordon Lane Apt. 062,Gardien de la paix,New Brunswick,F,200404
Sara,Lopez,1966-10-27,7217 Derek Loop Suite 623,Auditeur interne,Manitoba,F,200008
Lisa,Johnson,1955-09-24,21238 Elizabeth Island,Technicien en engins de travaux publics,Newfoundland and Labrador,F,204512
Valérie,Leduc,1953-03-20,69331 Michael Bypass Suite 657,Inspecteur,British Columbia,F,208757
Arnaude,Robin,1948-06-14,358 Murphy Ridges Suite 270,Mécanicien moto,Ontario,F,204556
Soledad,Muñoz,1952-07-19,2377 Carlson Road Apt. 711,Ingénieur calcul,Nunavut,F,209004
Vania,Marini,1997-04-26,69135 Johnson Lodge Suite 313,Directeur de création,Nova Scotia,F,207179
Margot,Besnard,1996-07-16,69577 Griffin Oval Apt. 776,Artiste de cirque,Saskatchewan,F,205139
Heather,Parker,1981-10-08,6166 Gary Club,Plâtrier,Nova Scotia,F,206603
Danielle,Randolph,1980-12-20,591 Marvin Roads Apt. 103,Juriste droit de l'environnement,British Columbia,F,204895
Christine,Park,1969-09-07,8075 Boyd Plaza Apt. 853,Sellier,Manitoba,F,202174
Danielle,Monnier,1989-03-16,76139 Gonzalez Springs,Matelot,Quebec,F,208721
Nick,Rizzi,1992-03-17,52361 Clay Shore Apt. 523,Caviste,Saskatchewan,F,208824
Lucía,Paz,1941-09-02,717 Roth Manor Suite 223,Maroquinier,Newfoundland and Labrador,F,201402
Fátima,Bastida,1981-12-08,4830 Earl Ville Apt. 760,Garde à cheval,Northwest Territories,F,201600
Sonia,Tamayo,1956-04-29,11884 Kevin Flats,Chef de projet démantèlement nucléaire,Nunavut,F,206241
Véronique,Lefevre,1972-05-07,52209 Michael Point,Éducateur,Ontario,F,208558
Esperanza,Arana,1973-02-15,815 Kathy Ford Apt. 005,Zoologiste,Prince Edward Island,F,205743
Kristen,Murray,1947-02-01,021 Stephen Stravenue Suite 692,Sportif de haut niveau,New Brunswick,F,207907
Susan,Martin,1993-03-09,703 Smith Trafficway Apt. 505,Responsable du soutien logistique intégré,New Brunswick,F,209810
Mathilde,Barbe,1959-01-05,393 Amanda Green Apt. 049,Commissaire-priseur,Nunavut,F,204214
Camille,Chartier,1955-03-26,93726 Thomas Mission,Infirmier humanitaire,Newfoundland and Labrador,F,203148
Renée,Leduc,1990-04-05,25257 Conner Run Suite 112,Adjoint,Alberta,F,205093
Monique,Brun,1943-08-20,34391 Yvonne Fort,Orfèvre,New Brunswick,F,207030
Kai,Marchetti,1943-04-03,48183 Bailey Ford,Architecte produit industriel,New Brunswick,F,206439
Hayley,King,1944-09-21,96177 Fowler Springs,Enseignant humanitaire,Prince Edward Island,F,206742
Luce,Simon,1962-02-13,7234 Monica Pass Suite 124,Chaudronnier,Manitoba,F,204585
Orfeo,Negri,1972-07-03,6610 Jones Meadow Apt. 199,Ingénieur environnement et risques industriels,Quebec,F,209819
Manuela,Oliva,1985-02-07,9620 Jason Dam,Employé de restaurant,Quebec,F,206095
Claire,Maillard,1962-01-19,79483 Leach Road,Scénariste,Nova Scotia,F,207223
Joshua,Greco,1953-12-19,55512 Jeffrey Springs Apt. 715,Analyste financier,British Columbia,F,204248
Angel,Griffith,1968-12-07,18413 Allen Lodge Suite 326,Boucher,Nunavut,F,209043
Lorraine,Gregoire,1998-05-26,430 Geoffrey Port Apt. 642,Traducteur-interprète,New Brunswick,F,205024
Madeleine,Valentin,1968-10-30,75993 Peck Street,Ingénieur en production et expérimentations végétales,British Columbia,F,208319
Laetitia,Pineau,1977-02-05,594 Jeffrey View, ingénieur,British Columbia,F,208250
Encarnacion,Verdú,1943-06-06,926 Simmons Hills,Officier de marine,New Brunswick,F,203021
Véronique,Briand,1982-01-22,62047 Marvin Dam Suite 798,Ingénieur du BTP,Northwest Territories,F,204911
Chelsea,Jones,1961-07-08,592 Lisa Well,Garde à cheval,Saskatchewan,F,201636
Catherine,Quinn,1949-09-21,1411 Emily Road Apt. 125,Technicien des industries du verre,Nunavut,F,201391
daisy,Gilles,1990-11-03,131 Thomas Lights Suite 691,Météorologiste,New Brunswick,F,205016
Brigitta,Carbone,1955-09-15,606 Robert Drives Suite 188,Animateur de bassin versant,Yukon Territory,F,202603
Maggiore,Bianchi,1989-10-20,214 Charles Station Apt. 338,Webdesigner,New Brunswick,F,205810
Eva,Haro,1993-05-06,66126 Tina Ports,Façadier,New Brunswick,F,209075
Olivie,Mace,1952-11-19,155 Rice Crossroad Apt. 157,Assistant en ressources humaines,British Columbia,F,202094
Élodie,Boucher,1973-08-16,114 Green Plains Apt. 508,Consignataire de navire,Manitoba,F,204452
Vanessa,Acosta,1978-08-02,308 Smith Trail,Responsable du recrutement,New Brunswick,F,200773
Carla,Hess,1959-11-12,2208 Beck Ports,Volcanologue,Saskatchewan,F,205834
Consuelo,Trillo,1988-07-15,27796 Stevens Loop Suite 714,Analyste financier,Prince Edward Island,F,202433
Geneviève,Hoareau,1951-04-30,8767 Brittany Dam,Ingénieur de la police technique et scientifique,Prince Edward Island,F,206749
Christelle,Simon,1947-01-12,70874 Kennedy Prairie Apt. 779,Professeur d'éducation physique et sportive,British Columbia,F,204423
Josette,Bazin,1954-12-13,827 Turner Valley,Maître  d'hôtel,Nunavut,F,202661
Kimberly,Hinton,1947-01-31,120 Brittany Ridges,Ingénieur télécoms et réseaux,Quebec,F,209069
Julie,Hogan,1998-06-06,884 Fox Light,Chargé de recherche et développement déchets,Saskatchewan,F,205042
Aimée,Pascal,1975-02-02,326 Scott Spurs Apt. 388,Archiviste,Prince Edward Island,F,202967
Charlotte,Gros,1957-05-28,1954 Wells Mission Apt. 323,Économe de flux,New Brunswick,F,205114
Caroline,Allain,1948-10-12,7324 Alexis Rapids Suite 146,Responsable du soutien logistique intégré,New Brunswick,F,207080
Karen,Smith,1996-06-30,68529 Robert Fords Suite 330,Conseiller espace info-énergie,Prince Edward Island,F,208280
Emmanuelle,Nicolas,1962-09-10,056 Gardner Circle Apt. 720,Chef de produit touristique,Ontario,F,206955
Stacy,Ortega,1995-07-24,798 Daniels Harbors Apt. 736,Géographe,Manitoba,F,204364
Debra,Gonzalez,1955-07-02,958 Cassie Gateway,Maquettiste,Nunavut,F,200003
Catherine,Kelly,1992-05-19,6499 Perry Turnpike,Histologiste,New Brunswick,F,200495
Ausonio,Milani,1943-01-10,58564 Francis Inlet Apt. 693,Agenceur de cuisines et salles de bains,Newfoundland and Labrador,F,203160
Laetitia,Gautier,1943-09-05,78131 Joshua Walks,Guide-interprète,Northwest Territories,F,207130
Margot,Laine,1944-06-15,71308 Miller Island Apt. 640,Archiviste,Nunavut,F,207033
Christine,Nicolas,1942-09-06,639 Russell Ports Apt. 115,Directeur d'office de tourisme,Nunavut,F,205548
Diane,Holt,1964-08-16,00330 Hayes Lane,Mixeur,Prince Edward Island,F,208803
Claude,Pascal,1970-10-03,52341 Harris Mission Apt. 776,Conseiller en salle de remise en forme,Yukon Territory,F,209428
Jessica,Brown,1977-12-13,54836 Christopher Trafficway,Agent de propreté urbaine,Alberta,F,203899
Monique,Rolland,1991-12-25,31170 Antonio Village Suite 519,Conseiller espace info-énergie,New Brunswick,F,206106
Dorothée,Baron,1952-01-17,2421 Robert Shoals Apt. 735,Gérant de restauration collective,Nova Scotia,F,202764
Soriana,Gentile,1964-06-25,87348 Johnson Ford Apt. 362,Monteur en réseaux de distribution électrique,Nova Scotia,F,201778
Milagros,Sainz,1962-03-09,899 Robin Shore Apt. 099,Sportif de haut niveau,Alberta,F,207939
Stéphanie,Le Roux,1992-12-04,17786 Moore Falls Suite 368,Veilleur stratégique,Ontario,F,203760
Anastasie,Leroy,1959-01-23,2579 Bailey Turnpike,Projectionniste,Prince Edward Island,F,208526
Kimberly,Randall,1978-02-06,7535 Raymond Plains Suite 249,Caissier,Prince Edward Island,F,205384
Diane,Skinner,1995-05-13,1963 Miranda Prairie,Aquaculteur,New Brunswick,F,206206
Sophie,Adam,1948-11-18,415 Stevens Cape Apt. 659,Hydraulicien,Quebec,F,203248
Alvaro,Infante,1945-06-27,12624 Kayla Shoal,Commercial export,New Brunswick,M,205160
Georges,Germain,1998-05-26,839 Simmons Streets Suite 848,Brodeur,Nova Scotia,M,203778
Brandon,Barajas,1992-11-23,59384 Jennifer Trail Apt. 742,Histologiste,British Columbia,M,203101
Bernard,Delahaye,1973-07-10,6477 Santiago Isle Apt. 970,Animateur d'activités physiques et sportives,New Brunswick,M,208536
Thomas,Cunningham,1941-06-04,4395 Alyssa Cove Apt. 664,Développeur économique,Prince Edward Island,M,204937
Alain,Martineau,1955-10-15,041 Marks Mount Apt. 674,Bijoutier,Ontario,M,205303
Luigi,Coppola,1947-03-12,098 Ellison Cliff,Ingénieur en électronique numérique,British Columbia,M,207329
Marcel,Fischer,1957-03-04,28549 Eric Green Apt. 476,Administrateur de spectacle,Manitoba,M,201991
Matthew,Valencia,1958-07-24,232 Leslie Underpass,Contrôleur technique automobile,New Brunswick,M,206440
Maggiore,Parisi,1975-01-02,903 Ashley Rest,Agent d'assurances ,Ontario,M,207552
Mohamed,Lastra,1968-11-01,66464 Schneider Station Suite 305,Gestionnaire de contrats informatiques,British Columbia,M,207879
Seth,Peterson,1990-09-24,7118 Cummings Freeway Apt. 966,Responsable de la rémunération,British Columbia,M,204882
Vincent,Smith,1943-02-05,2654 Christopher Turnpike,Canalisateur,Manitoba,M,203615
Michael,Smith,1952-12-14,20254 Anna Divide,Mixeur,Manitoba,M,209571
Henry,Carroll,1977-09-27,11722 Figueroa Underpass,Souffleur de verre ,New Brunswick,M,208166
Steven,Adkins,1989-10-22,93983 Lozano Villages,Secrétaire administratif,Prince Edward Island,M,206505
Jason,Simmons,1990-12-01,4209 Woodward Bridge,Maître  d'hôtel,Prince Edward Island,M,201304
Alphonse,Rossi,1990-04-14,0597 Murray Lock,Parfumeur,Yukon Territory,M,204708
Thomas,Guichard,1988-09-29,8429 Gregory Loop Suite 304,Pédicure-podologue,New Brunswick,M,209150
Jose Miguel,Tamarit,1946-06-04,591 Brooke Trail Suite 126,Ingénieur en énergie solaire,Manitoba,M,202386
Vincent,Lombard,1957-07-27,4733 Justin Path Suite 231,Ergothérapeute,Ontario,M,206223
Benoît,Legendre,1955-08-22,52559 Keith Cliffs Apt. 542,Reporter-photographe,Yukon Territory,M,204618
Bertrand,Herve,1946-02-26,094 Newton Prairie,Prothésiste dentaire,New Brunswick,M,206657
Zacharie,Michel,1953-01-20,9307 Morgan Canyon Suite 054,Céramiste,New Brunswick,M,207627
Richard,Lacombe,1961-04-23,7689 Paul Islands,Vétérinaire,Ontario,M,203731
Emmanuel,Poulain,1982-01-22,66996 Jackson Place,Monteur en installations thermiques et climatiques,Nunavut,M,200986
Joseph,Burke,1983-08-22,54087 Russell Bypass Apt. 136,Informaticien,Saskatchewan,M,209385
Emmanuel,Lecoq,1943-07-06,578 Richard Hollow,Sapeur,Alberta,M,208376
Christophe,Besnard,1976-10-22,3077 Hernandez Corners,Gouvernante,Ontario,M,201677
Joseph,Mcguire,1973-06-11,305 Katie Cove,Régisseur cinéma,Northwest Territories,M,206998
Ruben,Amorós,1966-09-24,71772 Teresa Ports Apt. 361,Technicien biologiste,Quebec,M,208430
Danny,Montoya,1956-11-04,380 Curtis Isle Apt. 481,Chef de chantier,New Brunswick,M,205309
Noël,Denis,1972-09-03,43241 Rebecca Divide Suite 172,Ingénieur de la police technique et scientifique,Yukon Territory,M,208321
Hugues,Marechal,1942-03-30,6520 Tanner Islands Suite 585,Boulanger,Alberta,M,203830
Emmanuel,Didier,1968-09-15,32179 Robles Causeway,Puériculteur,Alberta,M,202382
Adam,Eaton,1941-02-24,67293 Linda Wall Suite 966,Designer sonore,Yukon Territory,M,204335
Raymond,Barre,1958-06-29,49382 Shane Ranch Suite 780,Microbiologiste,Nova Scotia,M,201503
René,Chartier,1978-01-30,5172 Brown Passage,Architecte produit industriel,Nunavut,M,200806
Daniel,Pages,1984-10-19,8702 Jackson Coves,Technicien,Newfoundland and Labrador,M,208074
Michael,Jensen,1944-06-07,0911 Murray Estates,Photographe,Nova Scotia,M,207367
Arthur,Baudry,1941-10-22,244 Ryan Road,Vendeur en micro-informatique et multimédia,Saskatchewan,M,202840
Théophile,Roux,1990-03-30,57303 Teresa Vista,Traducteur-interprète,Nova Scotia,M,202691
Bryan,Montes,1984-03-07,00522 David Cape Apt. 566,Volcanologue,New Brunswick,M,204221
Juan Antonio,Losa,1989-01-15,96128 Michael Shore Suite 419,Expert immobilier,New Brunswick,M,207677
Thibault,Marty,1970-06-19,618 Gonzales Spur Suite 560,Botaniste,British Columbia,M,204291
Nicholas,Torres,1974-01-25,127 Daniel Highway,Substitut du procureur,New Brunswick,M,201586
Georges,Lebreton,1979-07-22,375 Jeffrey Haven,Chauffeur de taxi,British Columbia,M,200739
Yves,De Sousa,1973-04-14,88888 Lori Greens Suite 102,Technicien,Northwest Territories,M,200139
Matthew,Williams,1965-10-23,52756 Farley Stream,Commerçant en alimentation,Nunavut,M,203234
Ivano,Rossetti,1968-09-13,519 Tracy Valley,Boulanger,Alberta,M,205062
Patrick,Lenoir,1941-01-08,9586 Nelson Flats Suite 210,Charpentier bois,Saskatchewan,M,208744
Kevin,Gutierrez,1948-07-30,60681 Matthew Radial Suite 120,Ethnologue,Northwest Territories,M,202534
Thomas,Caron,1957-01-21,5145 Adrian Flats,Ingénieur production en mécanique,Ontario,M,201228
Zaccaria,Romano,1994-02-01,70767 Michael Inlet,Directeur,Saskatchewan,M,202800
Kris,Bernardi,1995-12-24,049 Farmer Rapid Apt. 883,Conseiller agricole,British Columbia,M,203914
Jay,Miller,1966-06-15,036 Black Spring,Artiste de cirque,British Columbia,M,208002
Thomas,Raynaud,1950-06-08,26855 Harrell Ridges Apt. 612,Juriste d'entreprise,Nova Scotia,M,206590
James,Turner,1943-02-23,3829 Gloria Flats Suite 372,Directeur de magasin à grande surface,Ontario,M,203450
Georges,Etienne,1972-06-07,00890 Harper Expressway Suite 577,Logisticien,Newfoundland and Labrador,M,202563
Vania,Russo,1983-01-04,545 Cynthia Estate,Archiviste,Saskatchewan,M,206954
Craig,Mccall,1997-05-25,553 Davis Landing Apt. 500,Gestionnaire de contrats informatiques,Saskatchewan,M,201524
Denis,Denis,1998-02-28,806 Elizabeth Mews,Guide de haute montagne,Yukon Territory,M,207346
Edvige,Galli,1971-07-24,3453 Diana Drive Suite 134,Ingénieur essais,Quebec,M,206441
Jon,Knapp,1971-12-11,683 Juan Islands,Actuaire,Alberta,M,200340
Emmanuel,Gros,1986-03-31,60409 Sara Plaza Suite 375,Charcutier,Nunavut,M,208567
Pablo,Morales,1958-03-22,465 John Trafficway Suite 927,Journaliste,Nova Scotia,M,204952
Thierry,Lopez,1965-08-10,11290 Debra Neck,Technicien automobile,Newfoundland and Labrador,M,207393
Gianriccardo,Cattaneo,1995-06-05,2050 Martin Pass Suite 175,Vendeur en micro-informatique et multimédia,Nova Scotia,M,203497
Isaac,Martinez,1961-12-31,1044 Dale Streets Apt. 445,Informaticien,Newfoundland and Labrador,M,202372
Sebastian,Lombardo,1968-10-13,40434 Hansen Brooks,Régisseur de spectacles,British Columbia,M,208944
Adrien,Millet,1950-04-09,71903 Ruiz Bridge Suite 621,Ingénieur d'application,Manitoba,M,207387
Emmanuel,Guillon,1975-02-16,72131 Holly Fall Suite 519,Vendeur en animalerie,Alberta,M,208622
Arturo,Mariani,1969-03-21,04980 Villanueva Village,Opticien,Alberta,M,209743
Ian,Romero,1991-09-01,227 Vaughn Inlet,Audioprothésiste,New Brunswick,M,206931
Gilles,Boyer,1976-07-30,0124 Jodi Ports,Technicien de maintenance en génie climatique,Ontario,M,204245
Roger,Marechal,1966-06-30,95449 Williams Shores Apt. 710,Responsable de site de traitement des déchets,Prince Edward Island,M,205425
Shawn,Hebert,1988-08-12,524 Flores Stream,Souffleur de verre ,Prince Edward Island,M,201223
Mark,Sloan,1989-05-05,970 Christine Orchard Apt. 477,Batelier,Nova Scotia,M,209778
Grégoire,Prevost,1997-11-20,040 Gonzalez Junctions,Responsable du recrutement,Newfoundland and Labrador,M,206887
Victor,Marie,1941-03-05,16659 Kenneth Junctions Apt. 159,Mécanicien,New Brunswick,M,202792
Martin,Garcia,1999-11-17,0437 Williams Lights Suite 980,Maître  d'hôtel,Quebec,M,205246
Marc,Etienne,1979-03-23,1162 Joshua Motorway Suite 026,Clerc d'huissier,Alberta,M,202845
Gregorio,Lasa,1966-02-17,34100 Butler Manors,Musicien,Manitoba,M,205874
Connor,Warren,1992-10-10,0384 Brent Harbor,Dessinateur BTP,Saskatchewan,M,201977
Chris,Savage,1943-08-09,16163 Farley Coves,Agenceur de cuisines et salles de bains,New Brunswick,M,203233
Guy,Cousin,1979-01-19,578 Miller Extensions,Contrôleur,Manitoba,M,201457
Jose Francisco,Criado,1979-07-23,8563 Juan Crossroad Apt. 076,Charcutier,Saskatchewan,M,206389
Deborah,Farina,1946-03-26,1682 Diane Inlet Suite 206,Pédiatre,Ontario,M,204118
Franck,Boucher,1986-03-17,2102 Rogers Causeway Suite 705,Parfumeur,British Columbia,M,202009
John,Williams,1978-06-02,94184 Carey Corners Apt. 893,Restaurateur d'oeuvres d'art,Saskatchewan,M,206732
Charles,Hays,1954-03-24,992 Carrie Ridge Apt. 551,Artiste de cirque,Yukon Territory,M,206906
Scott,Wiggins,1987-06-18,88451 David Greens Suite 099,Cordiste,Ontario,M,203127
Max,Giuliani,1986-03-14,78474 Lynch Mountains Suite 735,Rudologue,Saskatchewan,M,201495
Charles,Guibert,1996-04-29,567 Mcdonald Route,Tapissier d'ameublement ,British Columbia,M,206263
Shawn,Gonzalez,1982-04-24,2497 Tiffany Union Suite 482,Chef de publicité,British Columbia,M,203982
Gilbert,Aubert,1949-06-29,3781 Lawrence Turnpike Apt. 169,Illustrateur,Nova Scotia,M,209434
Honoré,Le Gall,1961-12-07,19097 Kimberly Shoal,Tailleur de pierre,Saskatchewan,M,203228
William,Leger,1958-04-27,931 Hernandez Junction Suite 873,Architecte produit industriel,Nova Scotia,M,202899
Kevin,Navarro,1969-06-29,62591 Rodriguez Expressway,Astrophysicien,Alberta,M,200952
Aimé,Gimenez,1961-12-22,7910 Diana Square Suite 628,Éleveur,Newfoundland and Labrador,M,209947
Jean,Regnier,1957-07-21,8880 Shari Mews,Inspecteur du permis de conduire et de la sécurité routière,Saskatchewan,M,206102
Joaquin,Font,1968-03-30,6988 Sarah Dam,Opticien,Northwest Territories,M,203864
Reginald,Cervantes,1982-10-27,0287 Paul Walks,Mécanicien d'entretien d'avion,Newfoundland and Labrador,M,204495
Christopher,Gardner,1996-11-03,3959 Brewer Tunnel,Mécanicien,Nunavut,M,206068
Robert,Rios,1982-01-25,9538 Michael Orchard Suite 673,Météorologiste,Yukon Territory,M,206611
John,Romero,1962-05-31,986 Walker Street Apt. 110,Marin pêcheur,Prince Edward Island,M,201317
Gaetano,Ferrari,1994-02-04,83328 Kyle Glens Apt. 822,Chargé d'affaires en génie mécanique,Prince Edward Island,M,205641
Benjamin,Hernandez,1979-07-15,665 Jamie Island,Tapissier d'ameublement ,Nunavut,M,204310
Michael,Phillips,1949-04-19,785 Chad Junction Apt. 689,Ingénieur,New Brunswick,M,204790
Jules,Mallet,1952-12-06,46395 Smith Harbor Apt. 037,Veilleur stratégique,Nunavut,M,202295
Piersilvio,Silvestri,1996-04-01,45260 Jill Groves,Éducateur,Alberta,M,206284
Joseph,Byrd,1965-12-10,4884 Trevor Canyon Suite 063,Ascensoriste,Yukon Territory,M,208109
Gilles,Hardy,1992-06-01,53322 Madden Ranch Suite 332,Conducteur de bus ou d'autocar,Ontario,M,206553
Gilles,Royer,1999-10-07,45187 Lewis Trace,Batelier,New Brunswick,M,207925
Guillermo,Comas,1970-04-01,18907 Kaitlin Cliff Apt. 727,Technicien céramiste,Nova Scotia,M,205063
Philippe,Techer,1983-01-04,27731 Terrance Squares Suite 179,Secrétaire médical,Nova Scotia,M,204260
Danuta,Bruno,1960-12-23,798 Jackson Keys,Collaborateur de notaire,Saskatchewan,M,208701
Martin,Thibault,1975-03-20,88254 Anthony Pine,Auditeur interne,Yukon Territory,M,204123
Tristan,Goncalves,1973-03-13,4030 Huang Pine Suite 389,Aide-soignant,Newfoundland and Labrador,M,200322
Gérard,Boulay,1987-08-11,1385 Hayley Village,Agent de service commercial train,Alberta,M,208031
Dustin,Duncan,1998-03-11,465 Sloan Gateway,Spécialiste des affaires réglementaires en chimie,Northwest Territories,M,204084
Martin,Clement,1946-09-27,7475 John Cape Suite 467,Directeur d'hôpital,Newfoundland and Labrador,M,202681
Aimé,Pasquier,1958-12-15,3931 Brock Divide Suite 992,Soudeur,Alberta,M,209669
Thibault,Nicolas,1943-10-25,4798 Jacob Course Apt. 631,Pédologue,Manitoba,M,201756
Stéphane,Giraud,1972-12-04,2015 Hunter Roads,Technicien d'exploitation du réseau gaz,New Brunswick,M,209877
Andrés,Cañellas,1967-09-07,3175 Juan Glens Apt. 365,Solier-moquettiste,Manitoba,M,209943
Kristel,Lombardo,1967-04-16,9730 Brown Mills,Monteur en réseaux de distribution électrique,Northwest Territories,M,205965
Robert,Young,1995-12-02,1434 Hurst Parks Apt. 945,Pédicure-podologue,New Brunswick,M,206793
Xavier,Girón,1983-09-30,774 Rodriguez Rest Apt. 148,Économe de flux,Yukon Territory,M,202011
Fiorenzo,Rossetti,1998-07-27,039 Cindy Vista,Manipulateur en électroradiologie médicale,Nova Scotia,M,203877
Isaac,Boyer,1993-01-31,80352 Gary Parkways Suite 855,Puériculteur,Northwest Territories,M,206073
Thibault,Etienne,1946-11-04,407 Nicole Expressway Suite 139,Chanteur,Nova Scotia,M,204964
Étienne,Marin,1996-01-31,123 Lawrence Forge,Officier de police,Quebec,M,201684
Jose Angel,Esparza,1951-07-04,6725 Ferguson Branch,Ingénieur analyste de l'air,New Brunswick,M,207040
Matthew,Davis,1947-04-19,7876 Laurie Lodge Apt. 599,Régleur,Newfoundland and Labrador,M,203316
Jorge,Eaton,1942-01-01,36755 Stuart Ramp Suite 710,Guide de haute montagne,British Columbia,M,209357
Gabriel,Moulin,1977-12-21,278 Gomez Run,Employé de pressing,Prince Edward Island,M,202911
Ethan,Hudson,1995-10-30,1303 James Field,Militaire technicien,Newfoundland and Labrador,M,205176
Lucas,Payet,1978-03-01,7864 Hays Ridge Suite 383,Orthophoniste,Nova Scotia,M,200230
Laura,Caruso,1991-02-18,164 Michael Mews Apt. 035,Chargé de veille législative et réglementaire,Newfoundland and Labrador,M,204689
Robert,Rogers,1983-08-27,926 Tina Plain,Expert-comptable,Saskatchewan,M,209035
Jesús,Amat,1969-04-28,45054 James Brooks Apt. 149,Installateur en télécoms,Alberta,M,205337
Dustin,Miller,1957-01-04,793 Christine Tunnel,Agent des méthodes,New Brunswick,M,205680
John,Russell,1987-12-08,8244 Cassandra Knolls,Chargé d'affaires en génie climatique,Newfoundland and Labrador,M,201618
Enzo,Ferri,1976-10-20,87232 Odonnell Gateway,Opérateur en traitement des matériaux,Nunavut,M,204404
Giulio,Farina,1994-02-14,86971 Davis Islands Suite 088,Mouleur,Saskatchewan,M,207515
Hugo,Tejada,1991-01-01,767 Rose Pike Suite 165,Costumier,New Brunswick,M,200758
Juan,Catalá,1946-11-12,62709 Walker Grove,Barman ,Manitoba,M,204823
John,Henderson,1974-12-02,7929 Durham Fork,Juriste droit de l'environnement,Saskatchewan,M,209923
Yves,Philippe,1964-05-27,44617 Payne Centers Suite 486,Syndic de copropriété,Nunavut,M,208836
Jeremy,Martin,1971-01-24,817 Meyers Expressway Suite 376,Consultant,Alberta,M,208749
Honoré,Launay,1958-04-04,89146 Andre Gateway Apt. 190,Logisticien,Yukon Territory,M,204130
Yves,Toussaint,1999-09-10,585 Jacob Crescent Apt. 339,Gouvernante,British Columbia,M,200577
Maurice,Martineau,1958-04-24,8846 Jessica Track,Relieur,Alberta,M,202678
Emmanuel,Robin,1947-10-04,93526 Tyrone Curve,Directeur d'hôpital,Northwest Territories,M,206407
David,Berthelot,1957-12-07,6230 Roberto Plaza Suite 375,Assistant,Yukon Territory,M,206054
William,Perez,1969-08-14,71960 Seth Estate Apt. 296,Ingénieur,Nunavut,M,209869
David,Fuller,1957-05-27,7281 Tina Cove Suite 512,Officier de police,Yukon Territory,M,204617
William,Menard,1982-04-26,2738 Larry Cove Suite 958,Directeur,Yukon Territory,M,208497
Marc,Lecomte,1968-01-13,114 Erika Lane,Ingénieur forage,Prince Edward Island,M,206415
Jacques,Hamon,1973-01-05,670 Kevin Port,Géotechnicien,Nova Scotia,M,200039
Curtis,Williams,1966-12-03,335 Holloway Keys,Administrateur de spectacle,Saskatchewan,M,203617
Cirino,Lombardo,1962-12-04,334 Kramer Common,Technicien en optique de précision,Northwest Territories,M,207146
Stéphane,Durand,1967-06-06,21179 Bryant Squares Suite 684,Animateur nature,Newfoundland and Labrador,M,209762
Victor,Georges,1994-03-08,06812 Matthew Well Suite 425,Agent des méthodes,Alberta,M,203376
Scott,Tapia,1975-01-16,459 Kelly Village,Credit manager,Saskatchewan,M,208735
Joseph,Williams,1987-11-30,803 Wanda Common Suite 958,Carrossier ,New Brunswick,M,200038
Joannes,Gallo,1975-07-23,806 Johnston Lake Suite 017,Installateur en télécoms,Northwest Territories,M,205297
Grégoire,Texier,1976-10-03,33613 Amanda Ford Suite 434,Ingénieur textile,Manitoba,M,209067
Andre,Jones,1947-02-28,106 Kramer Tunnel,Technicien de fabrication de mobilier et de menuiserie,Nunavut,M,208913
Guillaume,Diallo,1982-02-09,96121 Dana Knolls Apt. 350,Chef comptable,Nova Scotia,M,205043
Christopher,Stein,1990-07-11,35275 Perkins Canyon Apt. 435,Tailleur,Nunavut,M,208991
Tosca,Vitale,1950-04-18,13110 Richard Corner,Bijoutier,Nova Scotia,M,207606
Franck,Robert,1942-04-15,755 Williams Crossing Suite 057,Anatomiste,Quebec,M,205793
Bernard,Boutin,1981-03-01,12768 Anna Isle Apt. 038,Carrossier ,British Columbia,M,208564
Christophe,Verdier,1944-05-17,1178 Tim Union,Collaborateur de notaire,Ontario,M,206512
Roger,Da Silva,1959-07-12,8343 Underwood Island Apt. 609,Responsable du service après-vente,Alberta,M,201446
Mario,Williams,1969-05-27,31350 Henson Divide Apt. 186,Juriste en droit social,Ontario,M,201657
Sébastien,Samson,1990-12-21,9601 Brian Isle Suite 237,Conducteur de machines agricoles,Manitoba,M,200121
Tristan,Germain,1986-06-09,2733 Antonio Cliffs Apt. 708,Ingénieur calcul,Saskatchewan,M,209421
Isaac,Tanguy,1993-10-11,344 Michael Vista,Tonnelier,Quebec,M,207282
Étienne,Texier,1954-01-03,572 Meyer Drives Suite 127,Responsable du back-office,New Brunswick,M,203259
Louis,Gaudin,1945-10-20,1508 Bonnie Rapids,Commercial export,Newfoundland and Labrador,M,209928
Éric,Raymond,1989-12-22,7973 Robinson Ferry,Chargé d'études naturalistes,Manitoba,M,205776
Joey,Sala,1998-12-16,5513 Weaver Passage,Projectionniste,British Columbia,M,203551
Charles,Joubert,1995-06-11,003 Randall Lights,Consultant green IT,Manitoba,M,205163
Pierre,Rey,1990-02-01,5263 Torres Falls Suite 406,Guide conférencier des villes et pays d'art et d'histoire,Ontario,M,200746
Grégoire,Marechal,1963-11-21,05367 Lowe View,Sage-femme ,Nova Scotia,M,200442
Jules,Lebon,1970-05-18,7081 Li Road,Technicien,Alberta,M,205352
Lorenzo,Sales,1985-01-07,810 Daniel Glens Suite 341,Analyste de crédit,Ontario,M,200704
Brian,Mendoza,1954-07-03,487 Wayne Keys,Éducateur de jeunes enfants,Yukon Territory,M,204537
Matthew,Jones,1966-07-13,13719 Tamara Courts,Accompagnateur de tourisme équestre,Northwest Territories,M,204573
Salvador,Quero,1963-07-19,73038 Ramirez Parkways Apt. 752,Administrateur de réseau,Northwest Territories,M,207222
Joseph,Reynaud,1982-04-23,287 Tammy Street,Militaire technicien,Manitoba,M,200284
Adrien,Chartier,1988-09-02,0225 Laura Knoll,Techniverrier,Prince Edward Island,M,201432
Benoît,Pinto,1999-12-29,244 Ford Lodge,Auteur interprète,New Brunswick,M,200718
Thomas,Charles,1967-01-12,070 Brock Viaduct,Grutier,Nova Scotia,M,203604
Julien,Maury,1953-02-19,936 Shawn Manor,Ingénieur hydrogéomorphologue,Manitoba,M,209017
Sergio,Folch,1979-01-06,313 Clark Causeway Suite 410,Étalagiste,Manitoba,M,205518
John,Foley,1985-11-05,607 Travis Island,Animateur du patrimoine,Quebec,M,208083
Flavio,Farina,1975-08-28,887 Matthew Path Suite 435,Géochimiste,New Brunswick,M,202458
Gabriel,Herrera,1996-08-18,75062 Cline Row Apt. 782,Garçon de café,Northwest Territories,M,207206
Hector,Bautista,1947-09-02,35930 Joshua Crossroad,Administrateur de réseau,Saskatchewan,M,205484
Patrick,Ferrand,1961-12-20,981 Brett Ferry,Chargé de production,Newfoundland and Labrador,M,208925
Rosaria,Rossi,1991-12-29,2101 Smith Spur Apt. 168,Ingénieur en construction automobile,Northwest Territories,M,209253
Paul,Le Roux,1998-10-11,0282 Scott Pass,Responsable de projets culturels,Saskatchewan,M,209707
Martin,Benard,1980-07-24,7453 Carroll Groves Apt. 655,Matelot,Yukon Territory,M,206374
Juan,Blanchard,1943-08-15,444 Mcintyre Orchard,Conducteur de ligne de production alimentaire,New Brunswick,M,201456
Chad,Miller,1956-03-31,85655 Murray Isle Apt. 453,Ingénieur radioprotection,Manitoba,M,208230
Edward,Ramos,1949-11-18,445 David Roads,Machiniste constructeur ou plateau,Manitoba,M,204232
Kyle,Daugherty,1984-03-05,93633 Conway Squares Suite 396,Mouleur,Alberta,M,207953
Kevin,Rodriguez,1968-08-12,12371 Michael Bypass Apt. 884,Concepteur,Newfoundland and Labrador,M,204359
Jordan,Schneider,1995-11-28,129 Kimberly Burgs,Technicien d'analyses biomédicales,Manitoba,M,200632
Carl,Taylor,1963-06-23,121 Julia Terrace,Solier-moquettiste,Alberta,M,209780
Jesús,Criado,1942-09-28,9429 Rodriguez Station Apt. 966,Régisseur cinéma,British Columbia,M,209354
Tyrone,Shelton,1982-01-21,46623 Baldwin Unions,Responsable de laboratoire de contrôle en biologie,Ontario,M,205173
Jose,Nunez,1984-12-14,373 Mosley Skyway,Juge d'instance,Ontario,M,201869
Mohamed,Salazar,1999-09-16,7978 Edwin Hill,Chargé de pharmacovigilance,Yukon Territory,M,207235
Étienne,Boulay,1985-02-22,7340 Jenna View Apt. 706,Brodeur,Yukon Territory,M,200339
Alexandre,Masse,1980-07-12,08146 Kelley View Suite 904,Rédacteur en chef,Yukon Territory,M,200449
Gilles,Maurice,1992-05-13,044 Kathryn Estate,Agent artistique,Northwest Territories,M,201324
Jerry,Coleman,1965-01-20,268 Robert Lights Suite 987,Vétérinaire,Ontario,M,202366
Richard,Williams,1953-11-29,236 William Road,Auditeur externe,Alberta,M,205631
Théophile,Begue,1959-07-28,28994 Gomez Shore Suite 266,Ingénieur réservoir,Prince Edward Island,M,206100
Benoît,Daniel,1941-09-19,615 Larsen Springs,Météorologiste,Ontario,M,207089
Timothée,Albert,1978-09-16,5790 Michael Locks,Trader,Nunavut,M,200897
Germano,Rossetti,1961-03-17,167 Charles Mews Apt. 469,Animateur nature,Nunavut,M,208946
Gilles,Schmitt,1984-05-29,190 Andrew Hills Suite 121,Animateur d'activités physiques et sportives,New Brunswick,M,201097
Teseo,Gentile,1979-11-12,039 David Flat,Technicien d'exploitation du réseau gaz,Nova Scotia,M,209162
Jordi,Luque,1953-08-20,6793 Stacy Camp,Charpentier bois,Saskatchewan,M,207156
Guillermo,Peláez,1956-01-14,509 Bridget Crossing Suite 583,Géophysicien,New Brunswick,M,206933
Patrick,Bazin,1989-07-08,0653 John Locks Apt. 599,Cuisinier,Newfoundland and Labrador,M,202411
Michael,Thomas,2000-07-05,94086 Diana Oval,Hôte d'accueil,Saskatchewan,M,201441
William,Poirier,1969-07-25,4762 Fletcher Extension,Chef de projet sites et sols pollués,Quebec,M,209092
Denis,Mace,1955-12-01,995 Snyder Cliff,Relieur,British Columbia,M,201655
Daniel,Normand,1990-06-12,2312 Kevin Crescent,Masseur-kinésithérapeute,Nova Scotia,M,208015
Eddie,Goodwin,1950-06-30,946 Oliver Islands,Halieute,Prince Edward Island,M,207204
André,Raynaud,1952-11-05,7732 Dylan Parkways Suite 380,Économe de flux,Prince Edward Island,M,201939
Marc,Rosselló,1968-08-12,1896 Gomez Fort,Zoologiste,Nunavut,M,200543
Bradley,Ortiz,1986-02-16,1486 Eric Spring,Chargé de pharmacovigilance,British Columbia,M,204758
William,Lewis,1947-05-24,255 Laura Square Suite 849,Technicien d'exploitation du réseau gaz,Saskatchewan,M,205656
Christopher,Brown,1973-01-22,73298 Mora Turnpike,Orfèvre,Prince Edward Island,M,209747
Franck,Ferrand,1976-08-22,186 Lee Crescent Apt. 175,Agent de sécurité,Nova Scotia,M,201149
Keith,Morales,1969-02-05,5472 Carlos Burgs,Bottier,Quebec,M,206912
Guillermo,Chaves,2000-08-14,8755 Ashley Pine Apt. 060,Maître  d'hôtel,Northwest Territories,M,200782
Steven,Miller,1993-07-25,1032 Julie Union,Conducteur de bus ou d'autocar,New Brunswick,M,200409
Isaac,Renard,1940-11-23,028 Scott Points,Acheteur d'espaces publicitaires,Manitoba,M,204696
Thomas,Tessier,1983-02-21,843 Martinez Center Suite 624,Dépanneur en électroménager,Saskatchewan,M,200152
Denis,Alexandre,1974-01-13,2680 Everett Gardens Suite 396,Chef de projet éolien,Yukon Territory,M,206045
Travis,Byrd,1992-10-07,01907 Sheppard Shore,Généticien,Ontario,M,202503
Timothée,Chretien,1984-05-25,6726 Morgan Streets Apt. 138,Ingénieur en production et expérimentations végétales,Nunavut,M,200346
Antoine,Vasseur,1957-06-15,164 Travis Rapid,Chef de projet multimédia,Yukon Territory,M,202653
Joshua,Gillespie,1972-12-21,162 Robert Summit Apt. 745,Hydraulicien,Nova Scotia,M,200994
Michael,Rowland,1973-02-06,5894 Kenneth Parkways,Formateur en informatique,New Brunswick,M,203524
Daniel,Beltran,1948-07-10,5811 Monica Light,Chef de projet éolien,Prince Edward Island,M,203522
Michel,Richard,1944-08-08,0537 Scott Creek Suite 218,Conseiller en économie sociale et familiale,Alberta,M,201352
Fiorentino,Rizzi,1996-06-15,381 Brian Vista Suite 143,Chercheur en biologie du sport,Quebec,M,207815
Xavier,Michaud,1973-03-26,138 Vega Lane Apt. 497,Moniteur d'équitation,British Columbia,M,202837
Honoré,Lombard,1994-10-01,38589 David Plains,Designer,Nova Scotia,M,207743
Bernard,Foucher,1940-12-12,6522 Michelle Creek Apt. 835,Garde à cheval,British Columbia,M,209037
Xavier,Fischer,1985-05-03,563 Salazar Ville Suite 673,Serrurier,Quebec,M,204109
Sébastien,Lemonnier,1946-11-24,90112 Linda Prairie Suite 466,Animateur nature,Saskatchewan,M,203372
Alexandre,Daniel,1975-06-13,195 David Mountain Suite 834,Microtechnicien,Nunavut,M,209892
William,Delahaye,1966-02-22,252 Cohen Trafficway Suite 256,Ingénieur système,Quebec,M,208473
Edward,Kirk,1982-11-11,57296 Crane Mountain Suite 102,Monteur,Manitoba,M,203833
Luc,Meunier,1949-01-08,1025 Shaw Highway,Guide de haute montagne,Northwest Territories,M,209674
Victor Manuel,Cerezo,1959-01-04,8223 Elizabeth Crescent,Directeur de la photographie,Yukon Territory,M,202955
Luc,Lefevre,1983-03-09,4515 Javier Crossroad,Officier de l'armée de l'air,Nova Scotia,M,200349
Patrick,Diallo,1961-11-01,823 Carl Track,Zoologiste,Saskatchewan,M,204969
John,Johnson,1979-10-18,4225 Ballard Islands Suite 412,Ingénieur,Ontario,M,202324
Benjamin,Tanguy,1952-06-11,105 Maria Avenue Apt. 901,Garde ,Alberta,M,200218
Alexandre,Vaillant,1993-12-26,0423 Ware Islands,Danseur,Nunavut,M,208863
Juan Manuel,Villalobos,1980-02-29,1428 Robert Road Suite 711,Techniverrier,Nova Scotia,M,204112
Scott,Vaughan,1981-12-20,6090 Linda Terrace,Juge d'instance,Yukon Territory,M,206076
Louis,Blanc,1957-04-17,269 William Prairie,Éducateur,Saskatchewan,M,200802
Rémy,Denis,1979-11-17,2457 Sullivan Drive,Reporter-photographe,Alberta,M,202781
Gary,Bradshaw,1949-09-26,9020 Fritz Springs,Vétérinaire,Yukon Territory,M,203940
Bernard,Bertin,1959-06-28,5226 Hogan Turnpike Apt. 597,Optronicien,Manitoba,M,208122
Maurice,Munoz,1998-07-29,97730 Robinson Point,Électromécanicien ,Northwest Territories,M,204348
Dylan,Moretti,1978-01-02,003 Knight Isle,Archiviste,Nunavut,M,201612
Sabino,Ferri,1942-12-26,0942 Veronica Valleys Suite 749,Contrôleur de performances,New Brunswick,M,200054
Charles,Pruvost,1969-02-20,2421 Martinez Valleys,Éleveur,Prince Edward Island,M,206621
Alan,Thomas,1959-09-15,73099 Bryant Gardens Suite 404,Danseur,Prince Edward Island,M,206342
Joseph,Petitjean,1959-07-05,2962 Hernandez Trail,Responsable de la rémunération,Quebec,M,206579
Tomás,Manzanares,1993-05-27,96365 Jordan Fields,Projectionniste,Alberta,M,206314
Benjamin,Giraud,1941-01-25,32946 Robert Trail,Ingénieur gaz,Ontario,M,203384
Ryan,Lopez,1963-12-07,14826 Shepherd Parkway Suite 907,Ingénieur systèmes embarqués,British Columbia,M,202218
Jeffrey,Dunn,1947-04-14,3372 Peter Pines Suite 668,Podo-orthésiste,Saskatchewan,M,203722
Oretta,Mazza,1968-09-05,282 Patton Island Apt. 618,Marin de commerce,Saskatchewan,M,208160
Léon,Peron,1998-09-27,0223 Anthony Island,Chargé d'études économiques,Nova Scotia,M,201065
Thibaut,Poirier,1989-04-27,71708 Contreras Causeway,Éducateur,Nunavut,M,206992
Fortunata,Mariani,1979-08-02,39130 Michael Key,Médecin généraliste,New Brunswick,M,203636
Ivano,Neri,1951-11-22,1157 Allison Crossroad Suite 628,Machiniste constructeur ou plateau,Manitoba,M,202716
Julien,Fouquet,1943-09-09,666 Cheryl Cliffs Suite 960,Administrateur de biens,Nova Scotia,M,201729
Amos,Romano,1958-11-15,32394 Tracy Isle,Éclairagiste,Quebec,M,202608
Emmanuel,Berger,1997-10-22,94804 Harrison Plaza,Directeur de restaurant,Alberta,M,207999
Rémy,Ledoux,1977-02-11,221 John Ridges Apt. 032,Ingénieur,Prince Edward Island,M,203180
Zacharie,Dumont,1977-06-27,5093 Miller Via,Illustrateur,Nova Scotia,M,206184
Luke,Williams,1970-08-25,69748 Kristin Junctions Apt. 850,Ingénieur procédés en chimie,New Brunswick,M,206880
Timothy,Clark,1973-05-26,6122 Cassandra Parkway Suite 396,Administrateur de base de données,British Columbia,M,202510
Xavier,Da Silva,1974-06-01,1469 Michael Parkways Apt. 865,Consultant en solutions intégrées,Ontario,M,201219
Gerald,Bailey,1982-09-05,463 Blair Isle,Directeur de restaurant,Yukon Territory,M,200350
Pierre,Gosselin,1982-08-20,372 Rachael Pine,Machiniste constructeur ou plateau,Nova Scotia,M,201800
Stéphane,Roux,1959-03-11,96540 Charles Pike Apt. 681,Responsable du service après-vente,Nova Scotia,M,204901
John,Bailey,1942-01-11,688 Watts Passage Suite 628,Juriste droit de l'environnement,Nova Scotia,M,202680
Elsa,Parisi,1958-12-10,73265 Jones Union,Chargé d'études économiques,British Columbia,M,203458
Eric,Fuentes,1946-12-05,29435 Wilson Burgs Suite 192,Collaborateur de notaire,Quebec,M,200878
Lucas,Maury,1951-04-09,4127 Davis Squares Suite 321,Ingénieur gaz,Nunavut,M,209387
Rafael,Alemany,1973-11-11,15918 Brian Plains Suite 584,Commerçant en alimentation,Nova Scotia,M,201440
Eugène,Perrin,1948-12-11,61058 Taylor View,Moniteur d'équitation,Alberta,M,203888
Martin,Adams,1962-04-11,73612 Daniel Forges,Maître  d'hôtel,Saskatchewan,M,209557
Joseph,Lacroix,1996-10-04,18616 Adams Points,Inspecteur de banque,Nova Scotia,M,207001
Vicente,Baeza,1978-01-13,62534 Yoder Radial,Médiateur,Ontario,M,209423
Denis,Deschamps,1943-02-14,77793 Barrett Prairie,Directeur artistique,Nova Scotia,M,201463
Benoît,Marechal,1965-11-16,9017 Smith Parkways Apt. 665,Sous-officier de l'armée de terre,Prince Edward Island,M,208478
Gregorio,Donoso,1989-12-21,064 Cook Tunnel,Technicien en traitement des déchets,New Brunswick,M,202853
Benjamin,Tucker,1958-10-28,563 Pennington Village,Directeur d'agence bancaire,Prince Edward Island,M,200336
Gilles,Alves,1956-05-13,46452 Kelly Common Suite 302,Graphiste,Ontario,M,207791
Alfred,Raynaud,1948-07-25,144 Martinez Row Apt. 407,Palefrenier,Ontario,M,207878
Luc,Leclercq,1976-09-07,4420 Sanchez Villages Apt. 427,Archiviste,New Brunswick,M,204626
Denis,Allard,1977-10-11,976 Thomas Mill Apt. 182,Formulateur,New Brunswick,M,206006
Matthieu,Carlier,1955-07-21,18807 Kevin Highway,Traducteur-interprète,New Brunswick,M,209727
André,Hebert,1991-12-24,644 Cooper Stravenue Apt. 108,Administrateur de réseau,British Columbia,M,208715
Jason,Lewis,1974-09-29,4620 Barry Dam Apt. 426,Ambulancier,Quebec,M,200760
Michael,Rose,1986-09-18,9446 Jackson Squares Apt. 151,Magistrat,Alberta,M,208959
Robert,King,1983-06-20,25269 Jones Stream Suite 249,Agronome,Ontario,M,205671
Raymond,Arnaud,1996-10-11,127 Theresa Fields Apt. 941,Neurobiologiste,Quebec,M,200903
Ronnie,Webb,1982-04-04,41567 Webster Shore Suite 540,Chef d'exploitation d'usine d'incinération,Northwest Territories,M,207141
Jeffery,Mcdaniel,1982-04-11,0418 Bonnie Fort Suite 606,Cordiste,New Brunswick,M,202178
Michel,Besson,1973-11-10,157 Farmer Lane Apt. 211,Administrateur de logiciels de laboratoire,Northwest Territories,M,206956
Patrick,Samson,1977-05-27,3955 Wilkinson Unions,Ingénieur en production et expérimentations végétales,Saskatchewan,M,202570
Joseph,Kirk,1969-11-28,834 Morgan Hills Apt. 417,Chef monteur,New Brunswick,M,200436
Michael,Graham,1979-07-12,813 Giles Loop,Juge des enfants,New Brunswick,M,203050
Cira,Montanari,1992-10-25,49933 Peterson Flats Suite 980,Ingénieur environnement et risques industriels,Saskatchewan,M,205732
Christopher,Frank,1988-02-11,83090 Stewart Tunnel,Ingénieur en métrologie,New Brunswick,M,200143
Jose Antonio,Pinto,1949-05-21,98874 Karen Stream Suite 742,Chercheur en biologie du sport,Alberta,M,204867
Benjamin,Le Roux,1949-09-03,8600 Lopez Fork Apt. 660,Dépanneur en électroménager,New Brunswick,M,205659
Anthony,Davis,1996-05-24,0897 Cooper Forges Apt. 041,Façonnier des industries graphiques,Quebec,M,202153
Sean,Mitchell,2000-08-03,8498 Lopez Villages Apt. 110,Directeur de création,Saskatchewan,M,206438
Antonio,Espada,1998-05-06,273 Thomas Trail Apt. 445,Vitrailliste,New Brunswick,M,204486
Mietta,Gallo,1965-09-14,96769 Hobbs Hill,Technicien de police technique et scientifique,Quebec,M,200968
René,Boucher,1959-01-06,59640 Henry Curve Apt. 841,Mécanicien bateaux,New Brunswick,M,207544
Enrique,Company,1950-02-04,224 Jamie Brook Apt. 403,Conducteur,Prince Edward Island,M,203418
Robert,Moulin,1991-02-08,48369 Jackson Mountains,Secrétaire,Manitoba,M,209945
David,Le Goff,1985-10-09,3698 Tonya Tunnel,Qualiticien,Prince Edward Island,M,207982
Adam,Kaiser,1955-03-15,891 Villarreal Lodge Apt. 003,Accompagnateur de moyenne montagne,Alberta,M,200873
Kevin,Manning,1996-07-19,0696 Charles Walks,Contrôleur de gestion,Quebec,M,205319
Richard,Techer,1969-09-21,519 Sparks Crest,Coordonnateur d'études cliniques,Yukon Territory,M,201643
Rufo,Pellegrini,1969-07-06,75738 Joseph Station Suite 712,Conseiller en économie sociale et familiale,Yukon Territory,M,200755
John,Evans,1967-03-24,3690 Adrian Lakes Apt. 238,Responsable biométrie,Manitoba,M,204827
Alphonse,Gillet,2000-02-02,92604 Diana Rest Apt. 088,Contrôleur technique automobile,Nova Scotia,M,208898
Jason,Marsh,1984-04-02,720 Gates Oval,Juriste d'entreprise,Northwest Territories,M,207161
Shane,Petersen,1945-11-25,056 Scott Station,Technicien en optique de précision,Newfoundland and Labrador,M,204829
Thomas,Letellier,1952-12-05,6387 Donna Rapids Suite 072,Chef de produit touristique,British Columbia,M,204254
Jose Antonio,Olivares,1990-02-11,9870 Hannah Ferry,Inspecteur,Northwest Territories,M,203850
Levi,Rogers,1952-03-04,3327 Smith Drive,Soudeur,New Brunswick,M,204435
Raul,Nuñez,1962-09-18,745 Valerie Shores Apt. 576,Directeur d'office de tourisme,Nova Scotia,M,209287
Timothée,Hamel,1940-09-30,933 Bryan Underpass,Spécialiste des affaires réglementaires en chimie,Nova Scotia,M,204266
Pierre,Perez,1978-04-05,5882 Hensley Squares,Animateur 2D et 3D,Northwest Territories,M,202501
Amos,Conte,1965-06-30,3095 Joan Mountains,Attaché d'administration,Northwest Territories,M,202763
Ulrico,Bruno,1952-04-28,314 Hernandez Motorway,Technicien de forge,Nunavut,M,207084
Philippe,Francois,1997-09-22,45589 Brian Crossing Apt. 302,Ingénieur cloud computing,Alberta,M,203649
Brian,Norris,1966-05-08,842 Bailey Prairie Apt. 331,Géologue minier,Quebec,M,201357
Gilles,Moreau,1963-03-10,80734 Carol Crescent,Déclarant en douane,Yukon Territory,M,209381
Victor,Love,1989-11-09,263 Danielle Light,Administrateur de logiciels de laboratoire,Yukon Territory,M,209836
Gilles,Picard,1992-11-05,942 Chavez Court,Accompagnateur de moyenne montagne,Nunavut,M,208874
Jacques,Cordier,1992-03-31,0549 Sarah Harbor Apt. 501,Archéologue,New Brunswick,M,208097
Pierre,Allain,1994-10-12,523 William Crossing,Vendeur-conseil en matériel agricole,Northwest Territories,M,207383
Nathan,Bellini,1958-03-19,9086 Stacy Center,Chef de mission humanitaire,Saskatchewan,M,207875
Rémy,Dias,1972-11-10,34086 Veronica Corner,Grutier,Newfoundland and Labrador,M,202541
Philip,Green,1974-10-08,108 Nichols Square Apt. 598,Responsable de réseau eau potable,British Columbia,M,201323
André,Joly,1975-12-25,871 Brandon Valley,Ingénieur production en mécanique,Quebec,M,206059
Bradley,Moore,1946-09-22,2785 Cooley Square,Vendeur en animalerie,Nova Scotia,M,209175
Peter,Rosales,1984-06-14,1281 Rickey Lake,Directeur d'agence bancaire,Ontario,M,204474
Richard,Bourgeois,1986-01-28,7461 Matthew Well,Conseiller en séjours,Northwest Territories,M,200690
William,Letellier,1977-01-19,72016 Madeline Mill Apt. 380,Vendeur-conseil en matériel agricole,Ontario,M,203622
Teseo,Valentini,1956-10-24,55485 Zachary Canyon,Sociologue,Northwest Territories,M,204772
Thomas,Bruneau,1972-12-19,78389 David Oval Apt. 986,Géotechnicien,Saskatchewan,M,205227
Théodore,Denis,2000-03-03,706 Carmen Orchard,Conseiller d'insertion et de probation,British Columbia,M,206461
Miguel,Lastra,1954-09-02,4958 Gabriel Parkways Apt. 461,Conseiller agricole,Ontario,M,209616
Zacharie,Pasquier,1951-09-10,164 Johnson Pike,Éducateur,Ontario,M,203577
Richard,Lejeune,1942-04-19,815 Jonathan Inlet Suite 510,Médiateur,Nova Scotia,M,202348
Michael,Lynn,1959-03-22,992 Chavez Orchard Apt. 211,Juriste d'entreprise,Northwest Territories,M,208926
Nathan,Ross,1944-12-08,344 Pollard Gardens Apt. 894,Credit manager,New Brunswick,M,207807
Luke,Flores,1951-05-27,4362 Steve Forks,Chef de projet biodiversité,New Brunswick,M,202155
Jules,Boucher,1963-06-27,7834 Rodriguez Terrace Apt. 356,Costumier,Saskatchewan,M,204570
Tristan,Fournier,1969-05-05,9587 Hunter Pines Suite 650,Architecte réseau,Yukon Territory,M,201043
Ryan,Miller,1949-01-07,31652 Amber Coves Apt. 987,Directeur,New Brunswick,M,209813
Santiago,Cañete,1942-03-28,02164 Baxter Station Apt. 563,Auteur interprète,New Brunswick,M,203167
Jose Luis,Bermejo,1954-10-17,713 Linda Road,Directeur de magasin à grande surface,New Brunswick,M,200074
Diamante,Ferretti,1995-02-19,6911 Carrie Oval,Musicien,Alberta,M,206676
Thierry,Techer,1990-12-15,1232 Kristin Roads,Chef de fabrication des industries graphiques,New Brunswick,M,208674
Jose Antonio,Campillo,1973-03-29,8113 Angela Drive Suite 151,"Lad-jockey, lad-driver",Northwest Territories,M,202485
Chad,Browning,1985-08-26,9269 Victor Mountain Apt. 032,"Lad-jockey, lad-driver",Saskatchewan,M,202591
Sébastien,Aubert,1959-09-10,89792 David Junctions,Adjoint,Northwest Territories,M,200300
Denis,Guillou,1966-11-22,3277 Gilbert Manor,Astrophysicien,New Brunswick,M,204745
Daniel,Marechal,1988-09-08,0350 Christopher Gardens Suite 325,Bijoutier,New Brunswick,M,205521
Martin,Moreno,1960-01-13,869 Tran Camp Suite 135,Médiateur,Quebec,M,206193
Rodolfo,Ferrari,1967-05-16,857 Medina Junction,Linguiste,Northwest Territories,M,205768
Marc,Legros,1969-09-01,8175 Horton Crescent Suite 290,Technicien d'exploitation de l'eau,Prince Edward Island,M,208897
Nathan,Conrad,1973-07-18,536 Matthews Hollow,Juriste en propriété intellectuelle,New Brunswick,M,209989
Guy,Bailly,1955-09-25,121 Turner Falls Suite 694,Consultant,Quebec,M,200273
Santiago,Fernández,1981-08-15,7740 Gabrielle Pike,Régisseur cinéma,Nunavut,M,200156
Benjamin,Simon,1963-05-26,8266 Jodi Union,Consultant en solutions intégrées,Saskatchewan,M,207194
Stéphane,Guilbert,1947-02-24,941 Sara Alley Apt. 712,Mécanicien,Nova Scotia,M,208364
Benjamin,Diaz,1962-08-19,639 Johnson Fields,Animateur de bassin versant,New Brunswick,M,206340
Joseph,Guyot,1970-04-16,496 Raymond Squares Suite 331,Archéologue,Saskatchewan,M,204172
Michael,Stephens,1979-07-01,951 Valerie Groves Suite 570,Responsable de la collecte des déchets ménagers,Northwest Territories,M,202021
Michael,Farina,1943-03-04,815 Benjamin Glens Suite 771,Électricien,Manitoba,M,204106
Christian,Maynard,1945-02-16,991 Laura Key,Sociologue,Manitoba,M,202963
Penelope,Bellini,2000-06-15,28676 Cole Manor,Attaché,Prince Edward Island,M,202071
Frédéric,Marchal,1987-06-06,65106 Cindy Isle Suite 897,Militaire technicien,Ontario,M,206133
Gabriel,Leger,1988-11-09,78732 Derek Harbor Apt. 954,Conseiller agricole,Ontario,M,200598
Jacob,Smith,1959-01-09,42793 Castro Radial Apt. 170,Courtier,New Brunswick,M,205002
David,Paul,1967-12-23,274 Rodriguez Streets Apt. 717,Régisseur cinéma,Saskatchewan,M,205832
David,Hale,1945-03-19,60327 Lucero Causeway Suite 354,Maçon,Newfoundland and Labrador,M,200991
Ethan,Blair,1973-09-18,92538 Caldwell Canyon Apt. 602,Contrôleur technique automobile,Newfoundland and Labrador,M,208734
Troy,Jones,1994-10-04,3962 Lopez Groves,Maroquinier,New Brunswick,M,205763
Emmanuel,Sauvage,1982-08-02,707 Louis Mission Suite 675,Décolleteur,New Brunswick,M,207203
Alexandre,Perret,1948-03-03,305 Patel Manors Suite 272,Anatomiste,New Brunswick,M,205534
Justin,Green,1965-12-24,898 David Burgs,Ingénieur en production et expérimentations végétales,Newfoundland and Labrador,M,204236
Timothy,Sanchez,1943-10-19,600 Samantha Path,Contrôleur technique automobile,Manitoba,M,207865
Genziana,Russo,1957-10-09,9141 Seth Turnpike,Décolleteur,Nunavut,M,208256
Gonzalo,Vicente,1946-06-18,91249 Costa Mount Apt. 639,Chargé d'études en marketing,Newfoundland and Labrador,M,202336
Julien,Lebon,1965-06-04,1159 Matthew Highway Apt. 188,Anatomiste,Manitoba,M,201319
Éric,Thomas,1989-06-13,11966 Linda Mountain Suite 297,Designer d'interaction,New Brunswick,M,207777
Luc,Begue,1977-07-23,826 Vincent Mount,Antiquaire,British Columbia,M,206511
Michel,Mary,1974-02-26,716 Jennifer Valley,Orthoptiste,Nunavut,M,201159
Robert,Joubert,1964-08-02,954 Kyle Villages Suite 758,Ingénieur systèmes embarqués,Yukon Territory,M,209687
John,Hubbard,1992-07-16,2743 Amber Alley,Toiletteur d'animaux,Nova Scotia,M,201005
Daniel,Payne,1999-04-15,0686 Martin Gateway Apt. 686,Formulateur,British Columbia,M,208811
Jose Carlos,Valdés,1966-05-30,723 Flores Corners Suite 776,Expert en sécurité informatique,Manitoba,M,200247
Jose Ramon,Verdugo,1963-02-09,2323 Martin Road,Ingénieur nucléaire,Newfoundland and Labrador,M,208643
Carlos,Cobos,1946-11-27,4544 Colton Summit,Mandataire judiciaire,Ontario,M,207160
Aitor,Bartolomé,1961-04-09,0139 Alexander River Suite 666,Commerçant en alimentation,Manitoba,M,204687
Gregory,Le,1965-03-11,05334 Nicholas Parkway Suite 248,Aide médico-psychologique,New Brunswick,M,203056
Étienne,Durand,1992-01-22,050 Bryan Street,Chef des ventes,Nunavut,M,208428
Ruben,Gibert,1994-05-12,22416 Molly Course Apt. 086,Préparateur en pharmacie,Nunavut,M,201906
Maurice,Chevallier,1986-09-15,9788 Vaughan Knoll,Ingénieur,Northwest Territories,M,209920
Carlos,Mariño,1944-12-14,7875 Dunn Garden Suite 658,Hydrologue,British Columbia,M,200803
Antoine,Guyot,1951-05-13,7210 Ashley Way Apt. 710,Greffier,New Brunswick,M,206154
Charles,Brun,1996-01-24,472 Holland View,Conducteur d'engins de travaux publics,Manitoba,M,202876
Daniel,Sanchez,1960-07-07,274 Gordon Walk,Biologiste médical,Quebec,M,207601
Arthur,Chevallier,1980-09-05,089 Samantha Shoal Suite 513,Concepteur multimédia,Nunavut,M,208787
Jose Luis,Pablo,1995-12-14,4140 Miller Hollow Apt. 119,Responsable du soutien logistique intégré,Quebec,M,206854
Jesús,Martí,1949-05-12,3752 Bradley Flat,Responsable biométrie,New Brunswick,M,206879
Charles,Smith,1980-08-17,314 Billy Mountains,Élagueur,Alberta,M,203184
Antonio,Arnal,1964-01-05,8013 Keith Radial,Consultant green IT,Northwest Territories,M,201650
Robert,Payet,1991-04-20,2739 Smith Extensions Suite 051,Conseiller en séjours,Prince Edward Island,M,209446
Richard,Hamon,1978-09-26,16194 Dominguez Pine,Conducteur,Newfoundland and Labrador,M,205618
Raul,Seguí,1978-12-29,6371 Alvarez Plains,Sapeur,New Brunswick,M,202718
Richard,Carpentier,1960-01-29,4778 Rebecca Springs Suite 229,Ingénieur d'application,New Brunswick,M,202898
Benjamin,Bonneau,1957-02-20,3682 Miller Grove,Chef de cultures légumières,Nova Scotia,M,207109
Eugène,Ferreira,1999-02-12,683 Roach Crest Apt. 326,Credit manager,Ontario,M,200762
Stephen,Ray,1965-11-07,4419 Lucero Hollow Apt. 894,Horloger,Nunavut,M,204813
Thibaut,Gonzalez,1980-11-25,592 George Isle Suite 706,Barman ,Nova Scotia,M,203845
Michael,Zhang,1978-06-20,4562 Jennifer Prairie Suite 037,Façonnier des industries graphiques,Northwest Territories,M,204656
Gérard,Leroy,1999-09-14,9479 Soto Islands,Charcutier,New Brunswick,M,208197
Matthew,Kelley,1951-03-18,9391 Bryan Shoals Apt. 635,Cordonnier,Quebec,M,208344
James,Mitchell,1975-12-21,37922 Justin Field Suite 158,Conducteur de machines à papier ,Yukon Territory,M,205310
Lucas,Neveu,1969-02-06,5094 Moody Terrace Suite 022,Agent de sécurité,New Brunswick,M,207912
Andre,Ellis,1956-02-17,8243 Cooley Loaf Apt. 315,Maraîcher,Northwest Territories,M,204711
Roy,Warren,1988-02-12,378 Amanda Parks,Technicien d'analyses biomédicales,Nunavut,M,206641
Vincent,Perrin,1954-10-04,7583 Thompson Spur Apt. 743,Juriste droit de l'environnement,Nova Scotia,M,201976
Ronald,Duncan,1990-06-23,242 Cynthia Station Suite 601,Ingénieur production en mécanique,Nunavut,M,200608
Jacques,Legros,1994-04-09,88334 Vaughn Cliff Suite 191,Scripte,Yukon Territory,M,204525
Quasimodo,Costa,1954-10-15,5215 Chandler Flats Apt. 904,Apiculteur,Newfoundland and Labrador,M,209403
Mark,Hall,1973-09-16,946 Katrina Rapid,Technicien d'exploitation du réseau gaz,New Brunswick,M,201118
Bernard,Guibert,1975-10-03,61167 Joshua Street,Conducteur de ligne de production alimentaire,Yukon Territory,M,203092
Alphonse,Menard,1974-05-03,47494 Diana Burg,Météorologiste,New Brunswick,M,207585
Daniel,David,1944-06-26,298 Bailey Dam,Souscripteur,Prince Edward Island,M,206317
Aaron,White,1943-03-24,92521 Deborah Manor,Vendeur en animalerie,Yukon Territory,M,203523
Timothée,Roger,1980-04-01,23905 Shannon Stravenue,Salesman,Nunavut,M,208264
Augustin,Da Costa,1974-06-18,393 Joseph Spur,Hot liner,Quebec,M,206028
Auguste,Mace,1960-06-16,0665 Rivas Ways Suite 698,Professeur de collège et de lycée,Nova Scotia,M,200741
Thibaut,Blin,1948-11-22,5148 Wesley Pass,Gestionnaire de portefeuille,Manitoba,M,209025
Dante,Bernardi,1964-07-17,065 Long Land,Géologue minier,New Brunswick,M,203053
Alphonse,Bailly,1976-01-16,84530 Mitchell Trace Suite 576,Architecte réseau,Saskatchewan,M,200579
Eugène,Fleury,1978-07-12,89209 Roberts Mission,Technicien nucléaire,Newfoundland and Labrador,M,208205
André,Ramos,1962-06-05,543 David Burgs,Ostéopathe,Yukon Territory,M,207287
Georges,Auger,1961-08-27,52532 Eric Forges,Ingénieur en automatisme,New Brunswick,M,207927
Julien,Joseph,1983-03-29,6613 Lee Highway,Orfèvre,Nova Scotia,M,201917
Vincent,Cousin,2000-05-19,6209 Robertson Shore Suite 416,Facteur,Newfoundland and Labrador,M,209721
Kevin,Price,1969-01-27,1110 Krystal Forges,Pharmacien dans l'industrie,Alberta,M,209382
Eugène,Lefebvre,1989-09-23,5645 Vasquez Vista Suite 062,Agent de sécurité,Saskatchewan,M,209006
Théophile,Jean,1994-10-27,809 Brittany Neck,Ingénieur en aéronautique,Quebec,M,206568
Timothée,Sauvage,1959-05-13,2798 Perkins Common Suite 415,Océanologue,British Columbia,M,203341
Samuel,Heath,1969-12-01,555 Moore Dam,Chef de rayon,Newfoundland and Labrador,M,207288
Patrick,Lecoq,1951-05-03,799 Kidd Coves,Technicien chimiste,Nunavut,M,205460
Matthieu,Marin,1982-07-10,11740 Savage Manor Suite 517,Auditeur interne,Nunavut,M,203859
James,Thompson,1956-03-22,988 Sandra Centers Apt. 954,Juriste en propriété intellectuelle,Northwest Territories,M,207209
Ronald,Williams,1992-12-01,135 Blake Way Suite 999,Charpentier métallique,New Brunswick,M,209284
Robert,Mitchell,1941-05-11,70151 Pratt Rest,Toiletteur d'animaux,Prince Edward Island,M,202212
Marcel,Delattre,1954-09-10,14579 Brown Mountain Apt. 171,Pilote de ligne,Prince Edward Island,M,207038
Richard,Trevino,1984-11-16,76870 Molly Valley Suite 102,Juriste en propriété intellectuelle,New Brunswick,M,201266
Michel,Cousin,1945-03-06,7391 Clark Club,Journaliste,Northwest Territories,M,206999
Danny,Marchetti,1941-11-10,9952 Joshua Village,Chargé d'études média,Ontario,M,209702
Gianriccardo,Lombardi,1991-04-21,41211 Clay Points,Consultant,Quebec,M,209157
Tristan,Rossi,1977-08-06,47725 Clark Junctions,Responsable de réseau eau potable,Nova Scotia,M,209793
René,Weber,1973-05-25,302 Hobbs Mews,Avocat,Alberta,M,204075
