,first_name,last_name,birth_date,address,job,province,sex
0,Anaïs,Chevallier,1944-08-06,87930 Justin Inlet,Chargé de recherche en acoustique musicale,New Brunswick,F
1,Christine,Leveque,1951-01-03,1792 Lauren Glens,Secrétaire juridique,New Brunswick,F
2,Maryse,Chartier,1988-01-24,71833 Emily Gateway,Développeur humanitaire,New Brunswick,F
3,Avide,Damico,1967-03-31,5510 Christine Land,Conseiller en séjours,Ontario,F
4,Anaïs,Laroche,1975-02-20,1123 Tracy Landing Suite 232,Technicien ,Alberta,F
5,Pénélope,Bernard,1952-06-01,0232 Mccullough Divide,Chercheur en biologie,Yukon Territory,F
6,Frédérique,Lefort,1973-12-02,493 Gavin Landing Suite 255,Coffreur,Alberta,F
7,Kayla,Green,1968-05-05,6336 Campbell Terrace,Technicien ,Ontario,F
8,Michelle,Rodriguez,1961-04-08,74811 Mcgee Groves Apt. 022,Cordiste,Ontario,F
9,Jennifer,Nguyen,1974-04-03,7221 Kimberly Brooks,Conseiller en génétique,Yukon Territory,F
10,Claire,Roussel,1991-04-26,0488 Marcia Keys Apt. 421,Agronome,Prince Edward Island,F
11,Alex,Dubois,1996-02-01,6108 Lisa Ridges Suite 935,Pédologue,Manitoba,F
12,Mary,Bryant,1948-07-25,29061 Brian Coves,Chef monteur,Saskatchewan,F
13,daisy,Peltier,1973-02-24,21441 Jeanette Wall,Façadier,Manitoba,F
14,Laura,Castro,1967-03-10,4546 Watts Causeway,Credit manager,British Columbia,F
15,Anastasie,Francois,1978-01-19,664 Dillon Fork Apt. 195,Chef de chantier en installations électriques,Ontario,F
16,Jasmine,Christian,1984-04-01,1314 Ronald Mews,Mécanicien,British Columbia,F
17,Ashley,Carpenter,1969-08-14,588 Hebert Tunnel Apt. 712,Guide-interprète,Saskatchewan,F
18,Alighiero,Gallo,1997-01-02,898 Jaclyn Club,Guide conférencier des villes et pays d'art et d'histoire,Ontario,F
19,Mathilde,Breton,1987-01-28,5020 Blair Courts,Décorateur scénographe,Ontario,F
20,Gwendolyn,Nunez,1993-06-29,848 Christina Park Suite 727,Météorologiste,Nova Scotia,F
21,Simone,Lamy,1949-10-10,04108 Rachel Flats,Hydrogéologue,Yukon Territory,F
22,Margaret,Kelly,1965-08-31,2957 Shannon Rue,Pharmacien,New Brunswick,F
23,Sabine,Lopez,1992-01-23,919 Williamson Key,Technicien de fabrication de mobilier et de menuiserie,Ontario,F
24,Anaïs,Robert,1973-02-25,53655 Daniel Trail,Conservateur du patrimoine,Alberta,F
25,Nathalie,Roger,1947-08-21,1494 Kaitlin Camp,Frigoriste,Prince Edward Island,F
26,Jacqueline,Bodin,1949-08-01,5154 Angela Wall Apt. 662,Responsable du back-office,New Brunswick,F
27,Alexandrie,Marchal,1945-08-01,14103 Martin Court Apt. 049,Moniteur d'équitation,Alberta,F
28,Amanda,Shepard,1982-08-14,4434 Ramirez Road,Monteur en installations thermiques et climatiques,Alberta,F
29,Marine,Couturier,1978-12-21,91769 Samantha Union,Déménageur,Alberta,F
30,Édith,Petit,1966-06-23,73853 Kidd Oval Apt. 101,Substitut du procureur,Newfoundland and Labrador,F
31,Louise,Voisin,1995-12-02,595 Isabel Club,Rédacteur on line,Prince Edward Island,F
32,Lorraine,Jacques,1960-08-30,01054 Cardenas Groves Suite 615,Animateur d'activités physiques et sportives,Prince Edward Island,F
33,Victoire,Chartier,1959-08-21,4179 Brandon Point,Chef de produit touristique,Quebec,F
34,Dorothée,Leveque,1955-06-29,8418 Erica Pass Suite 185,Juge d'instance,Alberta,F
35,Julie,Hall,1965-11-01,1008 William Fields,Salesman,Newfoundland and Labrador,F
36,Susanne,Poulain,1989-02-16,71875 Cain Park Apt. 602,Commissaire-priseur,British Columbia,F
37,Adélaïde,Devaux,1950-11-08,951 Wendy Landing,Conseiller en salle de remise en forme,Yukon Territory,F
38,Lorraine,Weber,1967-09-22,9433 Jessica Junctions Suite 759,Magasinier cariste,Northwest Territories,F
39,Olga,Manso,1995-10-13,1785 Carlos Pass Suite 792,Décolleteur,Nova Scotia,F
40,Brenda,Harmon,1975-01-21,508 Foster Forge,Avocat,Quebec,F
41,Andrea,Yu,1993-03-30,262 Eric Loop,Éducateur,Alberta,F
42,Hector,Montanari,1953-09-25,02670 Thomas Fall,Souscripteur,New Brunswick,F
43,Camille,Garnier,1945-03-26,50330 Veronica Curve,Ingénieur méthodes mécaniques,Northwest Territories,F
44,Christina,Green,1992-06-02,7458 Richard Pines Suite 103,Brodeur,Manitoba,F
45,Jamie,Andersen,1974-09-13,04145 James Gardens,Machiniste constructeur ou plateau,New Brunswick,F
46,Marthe,Vallet,1971-03-15,77852 Kevin Glens Apt. 167,Juge des enfants,British Columbia,F
47,Esther,Sáez,1962-07-12,11312 Shaun Heights,Mécatronicien,Prince Edward Island,F
48,Quasimodo,Milani,1945-10-28,295 Douglas Well,Conseiller en salle de remise en forme,Nunavut,F
49,Christina,Morse,1978-04-15,374 John Isle,Géophysicien,Alberta,F
50,Renée,Bouvet,1999-05-11,31157 Pollard Rapid Apt. 171,Ingénieur,Manitoba,F
51,Manon,Bruneau,1961-11-16,796 Anna Lake,Technicien,Nunavut,F
52,Jennifer,Miller,1991-07-19,23896 Kristen Mount,Officier,Nunavut,F
53,Lori,Conway,1988-09-20,9605 Rose Trail,Architecte d'intérieur,Newfoundland and Labrador,F
54,Diane,Masse,1946-09-06,0805 Gordon Branch,Mécanicien bateaux,Nunavut,F
55,Jeanne,De Sousa,2000-03-22,649 Kristina Forest,Secrétaire d'édition,Quebec,F
56,Antoinette,Regnier,1975-08-24,3971 Robert Way,Botaniste,Quebec,F
57,Max,Leone,1958-06-17,3536 Kimberly Parks,Ouvrier paysagiste,Yukon Territory,F
58,Barbara,Smith,1945-04-10,176 Oscar Extension Suite 614,Ingénieur système,Saskatchewan,F
59,Anastasie,Jourdan,1988-11-28,978 Susan Streets,Chef monteur,Nunavut,F
60,Antoinette,Lebon,1971-11-11,0117 Judy Field,Secrétaire des Affaires étrangères,Saskatchewan,F
61,Simone,Hoareau,1941-12-15,1392 Timothy Route Suite 740,Clerc d'huissier,Saskatchewan,F
62,Élise,Guillaume,1960-10-18,226 Watts Locks,Psychomotricien,Manitoba,F
63,Jennifer,Ball,1955-05-22,412 Cunningham Island Suite 836,Opérateur en traitement des matériaux,New Brunswick,F
64,Marcelle,Renaud,1985-09-15,271 Kimberly Cove,Ingénieur technico-commercial en chimie,Northwest Territories,F
65,Jeanne,Schmitt,1980-09-24,8133 Thompson Drives Apt. 015,Chef de station de traitement des eaux,New Brunswick,F
66,Erica,Mccormick,1965-02-27,1429 Walters Knolls,Chef de produit marketing,Nunavut,F
67,Clara,Pablo,1966-06-26,3645 Thompson Mills,Photographe,New Brunswick,F
68,Jacopo,Caruso,1961-10-01,46476 Christopher Street,Juriste droit de l'environnement,British Columbia,F
69,Margot,Bertin,1999-02-03,02388 Stacy Drive,Podo-orthésiste,Quebec,F
70,Clara,Prado,1997-04-09,3621 Murphy Fords Suite 519,Ingénieur efficacité énergétique du bâtiment,New Brunswick,F
71,Joséphine,Bousquet,1969-05-08,142 Gill Greens Suite 281,Journaliste,Prince Edward Island,F
72,Anastasie,Antoine,1984-04-20,487 Eric Trail,Aérodynamicien,Alberta,F
73,Katrina,Barajas,1960-09-27,40273 Shaw Route,Ingénieur process aval,Nova Scotia,F
74,Giuliano,Sartori,1984-06-14,358 Aaron Creek,Technicien paysagiste,Newfoundland and Labrador,F
75,Vanessa,Gibson,1972-05-01,50411 Morrison Hollow Apt. 344,Géothermicien,New Brunswick,F
76,Dylan,Fontana,1945-07-06,94301 Evans Square Suite 933,Hot liner,Saskatchewan,F
77,Alexandria,Jacquot,2000-05-21,4070 Krause Ridge,Anatomiste,Yukon Territory,F
78,Laure,Fischer,1957-09-26,723 Robert Mission Suite 153,Carrossier ,Saskatchewan,F
79,Aurore,Lefevre,1986-11-24,3541 William Forest Apt. 209,Chargé des méthodes outils et qualité en informatique,Quebec,F
80,Juana,Águila,1989-05-27,04417 Chapman Fords Suite 334,Météorologiste,Quebec,F
81,Elena,Echeverría,1984-06-11,84164 Fitzgerald Lock,Animateur de radio et de télévision,Saskatchewan,F
82,Verónica,Romero,1978-09-30,098 Moore Pike Apt. 321,Rédacteur on line,New Brunswick,F
83,Leslie,Miller,1979-09-19,704 Victoria Mountain,Juriste droit de l'environnement,Nunavut,F
84,Desiree,Casey,1985-10-03,9267 Zachary Crossing Suite 999,Audioprothésiste,Manitoba,F
85,Adriano,De Santis,1944-02-28,968 Allen Knoll,Bottier,Manitoba,F
86,Abigail,Clay,1954-02-18,521 Michelle Square,Consignataire de navire,Quebec,F
87,Kayla,Jones,1953-10-29,51958 Harper Islands Apt. 269,Responsable micro,Newfoundland and Labrador,F
88,Debra,Brown,1960-02-26,42154 Jessica Knoll Suite 041,Illustrateur,Ontario,F
89,Amélie,Chauvet,1990-01-20,984 Sanchez Well Apt. 570,Technicien des industries du verre,Prince Edward Island,F
90,Alexandria,Bailly,1995-08-14,213 Amber Ford Apt. 733,Vendeur en fournitures automobiles,Nunavut,F
91,Éléonore,Le Gall,1996-10-16,05133 Hayden Mission Apt. 709,Journaliste,Yukon Territory,F
92,Patricia,Griffin,1979-10-11,30225 Anne Dam Suite 680,Carreleur-mosaïste,New Brunswick,F
93,Geneviève,De Sousa,1958-01-31,866 Conner Garden,Ingénieur en génie climatique,Prince Edward Island,F
94,Pauline,Gilbert,1976-07-12,752 William Views,Médecin humanitaire,Northwest Territories,F
95,Capucine,Jacquet,1966-05-30,7820 Brian Groves,Orfèvre,New Brunswick,F
96,Margaux,Thomas,1984-08-29,168 Williams Curve,Auditeur externe,New Brunswick,F
97,Kristina,Williams,1977-01-29,287 Manuel Glens Apt. 606,Chef de chantier en installations électriques,New Brunswick,F
98,Maristella,De Santis,1950-07-30,98249 Thompson Trace Suite 887,Pilote de ligne automatisée ,Nova Scotia,F
99,Audrey,Martinez,1993-01-17,605 Richard Cape Suite 289,Directeur d'hôpital,Ontario,F
100,Cesidia,Romano,1945-11-25,41188 Kemp Villages Suite 193,Chargé de production,Quebec,F
101,Danthon,Guerra,1961-06-07,79317 Cheryl Ridge,Serrurier,Quebec,F
102,Cécile,Vasseur,1982-10-24,54120 Amanda Locks Apt. 402,Barman ,Ontario,F
103,Valdo,Ferretti,1955-12-01,988 Jeremiah Place Apt. 812,Astrophysicien,Ontario,F
104,Stacy,Sloan,1954-07-18,14250 Pamela Square Apt. 739,Vitrailliste,Quebec,F
105,Michelle,Beck,1987-10-07,3112 Brian Radial,Ingénieur gaz,New Brunswick,F
106,Victoria,Mendoza,1973-10-12,968 Ray Drive Apt. 335,Technicien,Saskatchewan,F
107,Adèle,Renault,1953-10-23,29408 Teresa Street Apt. 750,Maraîcher,Ontario,F
108,Valentine,Bruneau,1942-07-15,33551 Sonya Lodge,Optronicien,Northwest Territories,F
109,Erin,Kelly,1970-10-03,26933 Schmitt Points,Danseur,Nunavut,F
110,Amanda,Nicholson,1967-09-24,7320 Schmidt Crossing Suite 248,Ingénieur cloud computing,British Columbia,F
111,Brigitte,Marechal,1976-09-17,878 Mario Corners,Gestionnaire de portefeuille,Quebec,F
112,Ashley,Gutierrez,1961-12-19,535 Stephanie Shores Apt. 490,Projectionniste,Prince Edward Island,F
113,Marthe,Letellier,1991-01-12,8563 Young Prairie,Mécanicien en matériel agricole,Yukon Territory,F
114,Maryse,Laporte,1967-03-10,465 Gabriel Crest,Chef de fabrication des industries graphiques,New Brunswick,F
115,Nicole,Baker,1992-10-26,3912 Robert Village,Juriste droit de l'environnement,Newfoundland and Labrador,F
116,Anastasie,Marty,1968-11-19,25263 Phillip Locks Apt. 413,Conseiller en génétique,Saskatchewan,F
117,Pénélope,Chevallier,1956-05-31,405 Duncan Landing,Webdesigner,Northwest Territories,F
118,Marianne,Marie,1973-06-04,503 Wright Light,Ingénieur brevets,British Columbia,F
119,Christelle,Paul,1978-08-04,35059 Blake Mountains,Souffleur de verre ,Nova Scotia,F
120,Alexandrie,Mercier,1985-07-09,751 Paul Hills Suite 610,Ingénieur en R et D en énergies renouvelables,Nunavut,F
121,Élise,Boucher,1947-10-13,02192 John Summit,Marin de commerce,Nunavut,F
122,Nathalie,Dumas,1964-12-27,04367 Macdonald Common Apt. 390,Ingénieur,British Columbia,F
123,Kimberly,Garcia,1988-07-16,29595 Charles Points,Chef de projet informatique,Manitoba,F
124,Océane,Dubois,1953-05-19,358 Brenda Green Apt. 212,Géothermicien,Alberta,F
125,Crystal,Coleman,1956-05-08,146 Michael Creek Apt. 327,Chargé de pharmacovigilance,Northwest Territories,F
126,Demian,Serra,1969-11-25,9648 Fisher Land Apt. 001,Masseur-kinésithérapeute,Nunavut,F
127,Brenda,Mccarty,1998-09-15,91620 Sierra Orchard Apt. 168,Parfumeur,Saskatchewan,F
128,Milagros,Izquierdo,1949-07-11,913 York Skyway,Volcanologue,Saskatchewan,F
129,Juana,Gallego,1951-07-03,345 Daniel Haven,Commissaire-priseur,Northwest Territories,F
130,Margot,Lelievre,1992-10-19,013 Sherry Garden Suite 568,Animateur du patrimoine,Prince Edward Island,F
131,Chantal,Bazin,1959-08-24,62574 Cantu Lodge Apt. 383,Ajusteur,Prince Edward Island,F
132,Anaïs,Joseph,1969-04-16,18128 Brian Fields Apt. 129,Chef de publicité,Nova Scotia,F
133,Isabelle,Leclerc,1944-04-05,9667 Alison Ways,Agent de service commercial train,Ontario,F
134,Nathalie,Martel,1961-05-04,7259 Kennedy Island,Palefrenier,Prince Edward Island,F
135,Valérie,Henry,1967-05-18,99039 Morgan Branch Apt. 639, ingénieur,Manitoba,F
136,Célina,Carre,1988-07-01,702 Katherine Squares Suite 097,Scripte,New Brunswick,F
137,Lauren,Mcknight,1953-06-14,711 Fuller Islands Apt. 533,Gouvernante,Yukon Territory,F
138,Gastone,Russo,1997-10-13,471 Ortiz Corners Apt. 666,Juge d'instruction,Saskatchewan,F
139,Jacqueline,Walsh,1950-02-02,228 Mitchell Creek Apt. 473,Auxiliaire de vie sociale,Nunavut,F
140,Michelle,Davis,1974-08-11,8823 Melton Spurs Apt. 747,Employé de pressing,Alberta,F
141,Victoria,Huertas,1976-07-28,35092 Jeffrey Flats,Traducteur-interprète,Nova Scotia,F
142,Mecren,Ferri,1999-09-25,1095 Edwards Coves Suite 282,Grutier,Nova Scotia,F
143,Joséphine,Moulin,1943-06-24,69976 Sanders Crest Suite 360,Contrôleur,New Brunswick,F
144,Raquel,Benavent,1951-06-15,96904 Krystal Stream Suite 993,Conseiller d'orientation-psychologue,Newfoundland and Labrador,F
145,Battista,Benedetti,1985-03-08,571 Elliott Inlet,Surveillant de centre pénitentiaire,Yukon Territory,F
146,Alighieri,Martinelli,1986-08-20,840 Green Junction Suite 941,Brodeur,Manitoba,F
147,Thérèse,Cousin,1956-03-05,3353 Shelby Summit,Chef d'exploitation d'usine d'incinération,Northwest Territories,F
148,Simone,Potier,1960-06-08,42861 Williams Plains,Responsable de la promotion des ventes,Manitoba,F
149,Jacqueline,Meyer,1949-10-22,108 Joseph Freeway Suite 439,Monteur en réseaux de distribution électrique,Alberta,F
150,Cecco,Grassi,1997-01-17,947 Kyle Port Apt. 010,Ingénieur procédés en chimie,New Brunswick,F
151,Alexandrie,Laporte,1964-10-02,26542 Christian Point Apt. 016,Juriste droit de l'environnement,Prince Edward Island,F
152,Jamie,Solis,1968-09-07,5941 Silva Island,Opérateur prépresse,Nova Scotia,F
153,Lucie,Bonneau,1984-10-12,0300 Kathleen Corner Apt. 729,Garde ,Northwest Territories,F
154,Élodie,Cohen,1972-03-01,896 Kevin Mills Suite 578,Responsable de fabrication en agroalimentaire,Yukon Territory,F
155,Hortense,Labbe,1972-06-13,9644 Shaffer Estate,Technicien des industries du verre,Newfoundland and Labrador,F
156,Jeanne,De Sousa,1989-12-28,7647 Katelyn Turnpike Apt. 954,Biostatisticien,Prince Edward Island,F
157,Charlotte,Louis,1989-04-23,2441 Patrick Pike,Conseiller en environnement,British Columbia,F
158,Brigitte,Pelletier,1967-04-11,1271 Green Bridge,Ergothérapeute,Ontario,F
159,Alexandria,Dupuy,1993-09-14,5514 Kim Row Suite 952,Archiviste,New Brunswick,F
160,Denise,Coste,1965-11-29,9937 John Crossroad Apt. 461,Psychomotricien,Yukon Territory,F
161,Jeannine,Gros,1957-12-15,74173 Davis Vista Suite 245,Ingénieur du son,Ontario,F
162,Marianne,Pichon,1960-10-12,7291 Brown Springs,Audioprothésiste,Prince Edward Island,F
163,Alexandrie,Garcia,1980-03-23,73872 Howard Locks,Animateur du patrimoine,Saskatchewan,F
164,Nath,Lombard,1958-03-18,992 Tina Loaf Suite 695,Administrateur de base de données,Nova Scotia,F
165,Alex,Teixeira,1967-04-29,0470 Leah Rest Apt. 554,Consultant green IT,New Brunswick,F
166,Simone,Loiseau,1988-09-24,4040 Laurie Pike Apt. 381,Juriste droit de l'environnement,Nunavut,F
167,Patricia,Marchal,1987-02-14,631 Raymond Grove,Reporter-photographe,Northwest Territories,F
168,Audrey,Marin,1982-05-21,994 Brown Mills,Géochimiste,Nunavut,F
169,Pericle,Grasso,1991-10-15,3900 Joyce Spur,Pédologue,Quebec,F
170,Maggie,Dupre,1989-03-03,4847 Wilson Knolls,Facteur d'instruments,Nova Scotia,F
171,Pamela,Williams,1963-06-08,424 Sara Green,Qualiticien,New Brunswick,F
172,Isabel,Clemente,1962-01-18,24384 Shawn Island Suite 774,Directeur de création,British Columbia,F
173,Michèle,Lemoine,1969-08-25,82964 Willis Islands,Installateur en télécoms,Newfoundland and Labrador,F
174,Fiorentino,Leone,1961-06-03,462 Chen Mission,Anesthésiste-réanimateur,Northwest Territories,F
175,Michelle,Weber,1994-03-31,497 Laura Fort Apt. 825,Statisticien,Prince Edward Island,F
176,Max,Negri,1995-11-06,2692 Sean Cliffs Apt. 876,Administrateur de mission humanitaire,Saskatchewan,F
177,Anne,Giraud,1993-05-17,4976 Owens Ports,Formulateur,Ontario,F
178,Madeleine,Morvan,1946-08-10,77944 Amy Rue Apt. 547,"Ingénieur fluides, énergies, réseaux, environnement",Nunavut,F
179,Susanne,Petit,1944-07-08,77705 Gary Lake,Vendeur en animalerie,British Columbia,F
180,Nath,Guillou,1947-12-29,130 Jeffrey Pass,Géomètre-topographe,Prince Edward Island,F
181,Françoise,Faure,1960-02-15,6707 Grimes Drive Suite 289,Dessinateur de BD,Nova Scotia,F
182,Margaret,Didier,1965-06-09,90200 Stone Orchard,Responsable du service après-vente,Quebec,F
183,Anna,Ariza,1988-01-02,65955 Charles Burgs Apt. 489,Barman ,Prince Edward Island,F
184,Robin,Owens,1993-05-27,89296 Moore Springs Apt. 304,Acheteur,Prince Edward Island,F
185,Encarnacion,Pina,1994-11-03,197 Mcclure Divide Suite 627,Chargé d'affaires en génie climatique,Northwest Territories,F
186,Trinidad,Pons,1981-10-06,578 Wright Lake Suite 177,Architecte produit industriel,New Brunswick,F
187,Henriette,Ledoux,1956-09-19,196 Lawrence Parkways Suite 306,Conservateur du patrimoine,Nunavut,F
188,Soledad,Segovia,1959-08-05,05100 Reynolds Fork Suite 201,Directeur,New Brunswick,F
189,Jennifer,Salazar,1954-05-09,72714 Alicia Shores,Soudeur,Newfoundland and Labrador,F
190,Dolores,Becerra,1981-03-22,371 Smith Throughway,Commercial export,British Columbia,F
191,Megan,Flores,1996-04-16,33941 Alexa Turnpike Suite 058,Pédiatre,Newfoundland and Labrador,F
192,Yolanda,Patel,1987-10-11,373 Kristopher Vista,Conseiller en insertion sociale et professionnelle,Manitoba,F
193,Aimée,Gillet,1952-12-25,99256 Watson Center,Administrateur de logiciels de laboratoire,Saskatchewan,F
194,Susanne,Guillou,1993-03-21,94027 Santos Skyway,Officier de la marine marchande,Ontario,F
195,Jacqueline,Parent,1986-07-11,7511 Baker Centers Suite 366,Chargé des méthodes outils et qualité en informatique,Ontario,F
196,Agnès,Renaud,1976-10-06,4720 Matthew Path,Agronome,Nova Scotia,F
197,Elizabeth,Scott,1950-04-08,9996 Burke Rapid,"Ingénieur fluides, énergies, réseaux, environnement",Quebec,F
198,Michelle,Antoine,1968-07-07,2676 Miller Dam,Infirmier humanitaire,Prince Edward Island,F
199,Kaylee,Bailey,1955-10-18,004 Melvin Spurs Apt. 417,Serrurier,Northwest Territories,F
200,Veronica,Fernandez,1962-04-28,0894 Eduardo Curve Apt. 607,Staffeur-ornemaniste,Saskatchewan,F
201,Suzanne,Collins,1945-12-20,4750 Annette Stream Apt. 741,Consultant green IT,Northwest Territories,F
202,Trinidad,Escobar,1982-11-22,435 Harris Orchard,Technicien d'intervention clientèle gaz,Northwest Territories,F
203,Karen,Shaw,1950-09-25,24645 Heather Drive Apt. 813,Chirurgien-dentiste,New Brunswick,F
204,Sharon,Jackson,1981-02-20,2432 Devin Mountain Apt. 036,Architecte naval ,Northwest Territories,F
205,Odette,Vasseur,2000-04-20,31577 Mark Plains,Consignataire de navire,Saskatchewan,F
206,Valentine,Berger,1988-05-19,53186 Hudson Harbor Suite 971,Tailleur de pierre,Saskatchewan,F
207,Renée,Thomas,1953-11-22,9774 Simmons Bridge Suite 780,Commercial export,Prince Edward Island,F
208,Laura,Butler,1946-08-12,516 Don Coves Apt. 594,Dépanneur en électroménager,Nunavut,F
209,Kristin,Doyle,1972-11-04,8927 Griffith Extensions Suite 874,Orthoprothésiste,Saskatchewan,F
210,Renée,Allard,1968-02-23,07553 Schneider Tunnel Suite 852,Mécanicien bateaux,Northwest Territories,F
211,Élise,Gauthier,1998-07-04,7211 Powers Crossing Apt. 119,Juriste d'entreprise,Newfoundland and Labrador,F
212,Claudine,Blondel,1958-03-31,23875 White Lodge,Architecte d'intérieur,Ontario,F
213,Sarah,West,1991-04-20,336 Patricia Tunnel,Technicien chimiste,Alberta,F
214,Monique,Moulin,1964-02-07,625 Cynthia Lights,Façadier,Alberta,F
215,Christina,Hoffman,1999-06-24,15735 James Radial Apt. 730,Pâtissier,Saskatchewan,F
216,Quirino,Damico,1980-01-16,53906 William Throughway,Chef de projet démantèlement nucléaire,Ontario,F
217,Victoria,Lamb,1986-08-03,5097 Villarreal Wall Suite 632,Sous-officier de l'armée de terre,Newfoundland and Labrador,F
218,Terri,Chambers,1999-09-10,662 Michael Motorway,Ferronnier d'art,Quebec,F
219,Frédérique,Laine,1955-01-27,3066 Mccarthy Rapids Apt. 317,Ingénieur brevets,Nunavut,F
220,Dominique,Muller,1964-10-06,6761 Murray Mountain,Ethnologue,British Columbia,F
221,Denise,Paris,1974-09-14,54206 Amy Motorway,Décolleteur,New Brunswick,F
222,Jennifer,Holland,1965-09-27,820 Clay Crest,Documentaliste,Quebec,F
223,Claude,Brunel,1996-07-19,622 David Field,Souffleur de verre ,Yukon Territory,F
224,Élise,Perez,1963-10-27,835 Brown Circle Apt. 273,Aide-soignant,Northwest Territories,F
225,Mónica,Santos,1947-08-31,9913 Cabrera Ranch Apt. 149,Visiteur,Newfoundland and Labrador,F
226,Jessica,Hancock,1955-03-20,74231 Alexander Shores,Technicien en lignes haute tension ,Alberta,F
227,Tami,Rodriguez,1982-09-07,38332 Riley Valleys,Ingénieur en électronique numérique,Yukon Territory,F
228,Sabine,Masse,1982-09-23,7087 Anderson Road,Chanteur,Quebec,F
229,Lisa,Torres,1948-12-16,606 Harris Wells Suite 467,Entraîneur ,Nunavut,F
230,Bacchisio,Santoro,1989-01-31,59211 Cesar Hollow Suite 014,Orthophoniste,New Brunswick,F
231,Claudia,Frutos,1955-10-06,010 Cameron Underpass Suite 687,Ingénieur en construction automobile,Nova Scotia,F
232,Kim,Mcdonald,1976-06-25,2114 Sullivan Bridge Apt. 030,Ingénieur chimiste en développement analytique,Ontario,F
233,Sandra,Brown,1981-05-21,36961 Parker Corners Apt. 770,Officier de gendarmerie,British Columbia,F
234,Susan,Renault,1982-10-03,797 Richard Hollow,Psychomotricien,Nunavut,F
235,Chantal,Guillet,1947-09-07,1910 Francisco Lock Suite 036,Consultant,Quebec,F
236,Raquel,Bustos,1947-07-29,615 Richardson Ferry Suite 104,Webdesigner,Newfoundland and Labrador,F
237,Deborah,Guerrero,1957-07-04,9508 Huang Stravenue Apt. 944,Géologue minier,Saskatchewan,F
238,Michelle,Bonnet,1962-11-19,58958 Gill Brook Apt. 766,Ingénieur d'application,Manitoba,F
239,Carmen,Barrera,1967-08-01,73438 Richard Mill,Sous-officier de l'armée de terre,Prince Edward Island,F
240,Leone,Pagano,1979-04-15,0848 Kim View,Inspecteur du permis de conduire et de la sécurité routière,New Brunswick,F
241,Alix,Dupuy,1980-11-17,21488 Horne Ports Apt. 884,Géochimiste,Ontario,F
242,Agnès,Breton,1991-10-03,0781 Gregory Island,Ingénieur,Ontario,F
243,Rebecca,Rodriguez,1974-05-08,078 Judith Extensions,Ingénieur en informatique,Newfoundland and Labrador,F
244,Elena,Marquez,1976-04-14,4630 Joseph Well Suite 660,Médiateur,Ontario,F
245,Cécile,Couturier,1951-08-28,34464 Nelson Highway,Ambulancier,New Brunswick,F
246,Capucine,Auger,1973-09-25,10444 Andrew Islands,Ingénieur de la police technique et scientifique,Nova Scotia,F
247,Christine,Boucher,1992-10-04,8274 Amanda Fall,Pédiatre,British Columbia,F
248,Osea,Rizzo,1974-08-14,9127 Melton Lodge,Fleuriste,New Brunswick,F
249,Dorothée,Andre,1966-08-15,1982 Wallace Land Apt. 450,Ingénieur,Alberta,F
250,Alexandra,Barnett,1970-11-25,13559 Johnson Shores,Chargé d'études ressources humaines,Quebec,F
251,Nunzia,Esposito,1961-10-13,012 Stacey Station Apt. 213,Soudeur,Saskatchewan,F
252,Amber,Fritz,1972-11-23,74928 Baker Greens Suite 310,Webdesigner,Nunavut,F
253,Joséphine,Maillet,1958-05-31,5559 Daniel Burgs Suite 349,Agent de propreté urbaine,Ontario,F
254,Carmen,Jiménez,1984-01-06,31923 Mary Circle,Ingénieur,Ontario,F
255,Sonia,Calzada,1997-09-22,91250 Erika Springs,Artiste de cirque,Yukon Territory,F
256,Claude,Marie,1987-07-10,370 Baker Street,Chargé des méthodes outils et qualité en informatique,New Brunswick,F
257,Marie,Deschamps,1959-04-22,6903 Jeffrey Way,Assistant,Quebec,F
258,Agnès,Tessier,1991-06-02,61737 Mcdaniel Ports,Archiviste,Alberta,F
259,Jennifer,Silva,1991-06-06,7789 Kevin Summit,Ingénieur en aéronautique,New Brunswick,F
260,Olivie,Letellier,1947-12-24,6503 Raymond Circles Suite 119,Projectionniste,Manitoba,F
261,Susanne,Lucas,1969-04-20,03596 Barr Expressway,Conseiller en fusion-acquisition,Ontario,F
262,Rhonda,Gomez,1960-06-23,13867 Eric Knolls,Responsable de fabrication en agroalimentaire,Prince Edward Island,F
263,Camille,Nguyen,1996-06-28,948 Michelle Loaf Suite 668,Responsable de réseau eau potable,Nova Scotia,F
264,Antonino,Mancini,1948-03-22,142 Kristen Fields,Responsable de site de traitement des déchets,Manitoba,F
265,Evangelista,Bernardi,1948-08-29,621 Keith Motorway Suite 659,Matelot,British Columbia,F
266,Taylor,Mcclure,1943-04-23,4066 Alex Mill Apt. 630,Chef de projet démantèlement nucléaire,Ontario,F
267,Inès,Remy,1980-05-26,12201 Jake Forest Suite 969,Directeur de magasin à grande surface,Alberta,F
268,Natalie,Anderson,1984-02-26,9885 Cooper Drive Apt. 932,Éducateur,Northwest Territories,F
269,Joséphine,Renard,1970-01-08,389 Estrada Burgs,Agent d'assurances ,Nova Scotia,F
270,Alix,Riou,1993-10-09,133 Jeffrey Flats Suite 674,Guide de haute montagne,Prince Edward Island,F
271,Domiziano,Testa,1960-10-23,4336 Jasmine Isle Apt. 945,Monteur en réseaux de distribution électrique,New Brunswick,F
272,Madeleine,Picard,1986-08-14,62674 Andrew Burgs Suite 093,Bio-informaticien,Prince Edward Island,F
273,Taylor,Robinson,1965-09-28,0306 Herrera Mills,Professeur de lycée professionnel ou technique ,Manitoba,F
274,Anouk,Guilbert,1990-12-04,6475 Matthew Stravenue Suite 267,Climatologue,Nova Scotia,F
275,Rhonda,Thompson,1999-05-17,53943 Bailey Dam Apt. 167,Militaire du rang ,New Brunswick,F
276,Émilie,Moulin,1983-08-15,12345 Bailey Wells,Photographe,British Columbia,F
277,Remedios,Vallés,1969-03-17,24489 Herman Village Suite 066,Inspecteur,Quebec,F
278,Norma,Beltran,1953-09-12,19447 Gordon Cliffs,Agent de sécurité,Saskatchewan,F
279,Hélène,Raymond,1951-01-20,1209 Blake Field Apt. 185,Matelot,Alberta,F
280,Frédérique,Hardy,1971-05-07,133 Kelsey Prairie Suite 915,Directeur d'office de tourisme,Quebec,F
281,Aurore,Chretien,1959-12-15,825 Samuel Manors Suite 386,Concepteur,Quebec,F
282,Marianne,Bonnet,1952-07-05,60949 Garcia Key,Chargé d'études en marketing,Yukon Territory,F
283,Crystal,Robinson,1997-05-03,4532 Amber Ranch,Développeur économique,Newfoundland and Labrador,F
284,Nancy,Gomez,2000-05-04,680 Anthony Terrace Apt. 108,Géomaticien,Nunavut,F
285,Marissa,Snyder,1986-11-16,5819 Davis Spur Suite 449,Illustrateur,Manitoba,F
286,Linda,Herman,1969-07-29,55742 Miller Corners Apt. 800,Professeur des écoles ,Saskatchewan,F
287,Diane,Roche,1989-06-05,518 John View Apt. 613,Adjoint,Yukon Territory,F
288,Stephanie,Blanchard,1997-12-07,679 Chelsea Square Apt. 227,Développeur économique,Ontario,F
289,Éléonore,Verdier,1948-11-04,603 Lewis Mills Suite 252,Technicien de police technique et scientifique,New Brunswick,F
290,Claude,Royer,1975-01-30,0568 Larry Row,Ingénieur en production et expérimentations végétales,Newfoundland and Labrador,F
291,Denise,Gauthier,1954-06-22,18302 Matthew Wells,Démographe,Nova Scotia,F
292,Carol,Jimenez,1976-01-20,825 Michael Road Apt. 789,Déménageur,Nova Scotia,F
293,Natalia,Uribe,1996-07-02,2455 Sarah River Suite 732,Pilote de ligne,Newfoundland and Labrador,F
294,Astrid,Michaud,1962-10-19,145 Matthews Highway Suite 808,Restaurateur d'oeuvres d'art,British Columbia,F
295,Aimee,Valencia,1942-01-04,443 Kimberly Valleys Suite 815,Sportif de haut niveau,British Columbia,F
296,Diane,Durand,1981-05-16,27807 Matthew Lights,Solier-moquettiste,New Brunswick,F
297,Susanne,Lemoine,1999-08-22,597 Joe Oval Apt. 541,Commissaire-priseur,Yukon Territory,F
298,daisy,Rodriguez,1944-01-19,0460 Moore Falls Suite 696,Hydrogéologue,Yukon Territory,F
299,Theresa,Murphy,1975-03-24,68027 Sydney Drives,Fleuriste,Manitoba,F
300,Philippine,Roche,1989-05-01,2762 Raymond Islands Apt. 264,Technicien automobile,New Brunswick,F
301,Joséphine,Menard,1959-01-30,6848 Kathy Summit,Pédiatre,Prince Edward Island,F
302,Damiana,Palmieri,1973-01-07,2416 Moran Hill Apt. 432,Technicien de police technique et scientifique,British Columbia,F
303,Clémence,Weiss,1969-08-20,6636 Cooper Valleys,Assistant,Quebec,F
304,Adrienne,Leconte,1978-03-30,3153 Kristin Mission Suite 886,Gardien de police municipale,Nunavut,F
305,Olivie,Boulanger,1957-06-14,172 Travis Views,Inspecteur de banque,Saskatchewan,F
306,Angela,Sanabria,1998-08-02,490 Samantha Greens Suite 771,Attaché d'administration,Alberta,F
307,Olga,Arnaiz,1956-09-01,667 Sandra Ridge Suite 997,Contrôleur technique automobile,Ontario,F
308,Marina,Sala,1981-09-06,6558 Mendoza Rapid,Coordonnateur d'études cliniques,Newfoundland and Labrador,F
309,Aimée,Cohen,1977-12-12,6004 Burke Square,Professeur de collège et de lycée,Yukon Territory,F
310,Carla,Hodge,1961-05-25,983 Torres Well,Ingénieur d'application,Nova Scotia,F
311,Joey,Montanari,1942-04-21,84780 Guzman Via Suite 610,Guichetier,New Brunswick,F
312,Terri,Jacobs,1978-12-15,885 Melissa Common,Logisticien,New Brunswick,F
313,Élisabeth,Moreau,1970-08-11,83603 Brian Grove Apt. 198,Maroquinier,Nova Scotia,F
314,Alyssa,Lam,1953-12-14,3254 Moss Light Apt. 256,Contrôleur,Manitoba,F
315,Christine,Aubry,1960-08-28,16302 Farrell Island Suite 715,Responsable micro,Nunavut,F
316,Mary,Ryan,1989-05-24,137 Price Garden,Responsable de réseau eau potable,British Columbia,F
317,Noémi,Nicolas,1976-04-18,84295 Powell Estate,Secrétaire de rédaction,Quebec,F
318,Maryse,Lefort,1987-11-15,6331 Christina Radial Apt. 840,Conducteur de machines agricoles,Ontario,F
319,Emmanuelle,Riviere,1967-04-22,934 Dwayne Crossing Suite 257,Chargé d'études en valorisation agricole des déchets,Nova Scotia,F
320,Jeanne,Picard,1959-06-30,55622 Amy Shoal,Chercheur en physique   ,Manitoba,F
321,Nathalie,Dupont,1993-08-10,016 Baker Corner Suite 244,Ouvrier paysagiste,Northwest Territories,F
322,Karen,Kelly,1967-02-19,83549 Sarah Ferry Apt. 326,Chargé d'études en valorisation agricole des déchets,Nunavut,F
323,Veronica,Mcconnell,1954-06-13,494 Ashley Causeway,Caissier,Nova Scotia,F
324,Chantal,Guillet,1995-03-11,2364 Bush Lakes Suite 959,Responsable du recrutement,Northwest Territories,F
325,Nathalie,Gay,1948-12-21,3222 Ernest Union Apt. 197,Enseignant,Newfoundland and Labrador,F
326,Dominique,Lesage,1973-05-19,970 Ball Vista Suite 550,Maréchal,Quebec,F
327,Amber,Booker,1985-03-01,89718 Edward Branch Apt. 230,Inspecteur du permis de conduire et de la sécurité routière,New Brunswick,F
328,Dorothée,Carre,1976-01-06,682 Lisa Trafficway,Auxiliaire spécialisé vétérinaire,New Brunswick,F
329,Marianne,Ollivier,1962-12-11,38761 Johnson Vista,Assistant en ressources humaines,New Brunswick,F
330,Claudine,Riou,1974-11-11,034 Clinton Dam,Ingénieur,Saskatchewan,F
331,Milagros,Mateo,1952-02-13,321 James Springs,Professeur de lycée professionnel ou technique ,Northwest Territories,F
332,Kristen,Mitchell,1964-10-12,83733 Thomas Ports,Technicien en optique de précision,Ontario,F
333,Anaïs,Brunel,1963-06-10,12809 Noble Lights Apt. 425,Technicien de l'intervention sociale et familiale,New Brunswick,F
334,Geneviève,Collet,1943-04-02,381 Mccall Island,Professeur dans l'enseignement agricole,Saskatchewan,F
335,Caroline,Voisin,1981-02-22,9009 Tara Land,Chargé,Saskatchewan,F
336,Holly,Bass,1994-12-02,0431 Patterson Mount Suite 567,Greffier,Saskatchewan,F
337,Adèle,Riviere,1997-05-31,97504 David Burg Apt. 057,Ingénieur hydroécologue,Alberta,F
338,Dorothée,Launay,1986-08-01,522 Mcclain Route,Ingénieur système,Alberta,F
339,Philippine,Carlier,1987-05-04,1777 Mcdonald Vista,Astrophysicien,Nova Scotia,F
340,Anouk,Denis,1977-04-18,6268 Taylor Shoal Apt. 633,Chef de chantier en installations électriques,Newfoundland and Labrador,F
341,Kari,Matthews,1967-12-14,6454 Walker Stream Suite 161,Assistant en ressources humaines,British Columbia,F
342,Ashley,Owens,1943-12-23,1560 Cynthia Glen,Soudeur,Alberta,F
343,Élise,Marion,1992-07-21,400 Anne Lights,Responsable de la rémunération,Saskatchewan,F
344,Chantal,Leblanc,1942-10-07,48609 Martin Skyway Apt. 825,Vendeur en magasin,Northwest Territories,F
345,Sheila,Roman,1992-11-11,23268 Amy Forge Apt. 413,Ajusteur,Newfoundland and Labrador,F
346,Brittany,Blair,1977-11-27,183 Dyer Mission,Paléontologue,Northwest Territories,F
347,Renée,Pons,1955-01-31,200 Parsons Alley,Sous-officier de l'armée de l'air,Yukon Territory,F
348,Philippine,Legendre,1996-05-07,6319 Christopher Shoal,Technicien de fabrication de mobilier et de menuiserie,Yukon Territory,F
349,Margot,Chauveau,1982-08-05,117 Barbara Path Apt. 631,Conducteur de train / TGV,Prince Edward Island,F
350,Cynthia,Maldonado,1991-07-27,507 Stephanie Square Suite 340,Conducteur de bus ou d'autocar,Nunavut,F
351,Agnès,Blanchet,1953-06-17,246 Burke Junction Suite 763,Ingénieur de la police technique et scientifique,Prince Edward Island,F
352,daisy,Lefort,1995-07-20,827 Leah Landing Suite 876,Chef des ventes,British Columbia,F
353,Antoinette,Navarro,1983-12-01,212 Garza Trafficway Apt. 387,Conseiller en génétique,Nunavut,F
354,Brenda,Simmons,1991-03-24,54640 Miller Loaf Apt. 673,Botaniste,British Columbia,F
355,Suzanne,Williams,1971-06-29,994 Benson Forge Suite 736,Bottier,Prince Edward Island,F
356,Fiorenzo,Greco,1954-04-26,667 Jeffrey Ranch Apt. 301,Souffleur de verre ,Ontario,F
357,Michèle,Besnard,1968-08-05,9002 Angela Burg,Ingénieur process aval,Newfoundland and Labrador,F
358,Margaud,Jacquet,1955-04-05,68224 Johnson Shoal Apt. 461,Secrétaire administratif,Prince Edward Island,F
359,Lucie,Henry,1992-10-12,4241 Mcdonald Lakes Suite 464,Ingénieur maintenance aéronautique,Prince Edward Island,F
360,Prisca,Battaglia,1956-10-24,722 Bates Prairie,Géologue modélisateur,Ontario,F
361,Henriette,Blot,1989-02-14,18435 Christopher Dale,Ingénieur études et développement en logiciels de simulation,Nunavut,F
362,Claire,Menard,1958-10-18,440 Kelly Harbor,Juriste en propriété intellectuelle,New Brunswick,F
363,Siro,Romano,1980-09-19,2040 Kelly Knolls Suite 722,Électronicien automobile,Yukon Territory,F
364,Édith,Da Silva,1970-04-29,67013 Kayla Crest,Ingénieur du BTP,Northwest Territories,F
365,Amy,Hale,1972-10-11,359 Garner Coves Apt. 881,Cartographe,British Columbia,F
366,Laetitia,Antoine,1949-05-22,205 Graham Ways,Chargé de projet événementiel,Nova Scotia,F
367,Robin,Shields,1940-10-15,99356 Henderson Stream Suite 316,Gardien de la paix,Nunavut,F
368,Lucy,Bazin,1961-06-10,11701 Brianna Glen Suite 882,Inspecteur,Northwest Territories,F
369,Kathryn,Mahoney,1970-05-23,421 Hernandez Stream,Surveillant de centre pénitentiaire,New Brunswick,F
370,Sabine,Sanchez,1996-11-09,749 Thomas Corners,Orthoptiste,New Brunswick,F
371,Teresa,Iñiguez,1951-11-23,7279 Rivera Centers,Ingénieur,Ontario,F
372,Adélaïde,Henry,1976-12-07,63978 Dana Gardens Apt. 030,Conseiller en économie sociale et familiale,Alberta,F
373,Alexandria,Lenoir,1991-12-10,904 Elizabeth Prairie,Aide médico-psychologique,Northwest Territories,F
374,Ana,Pedrosa,1963-02-05,812 Smith Views Apt. 135,Hydrogéologue,Nunavut,F
375,Lourdes,Ruano,1962-01-15,622 Alyssa Drive,Chef des ventes,Manitoba,F
376,Isabelle,Maillard,1961-12-04,794 Grant Land,Veilleur stratégique,Northwest Territories,F
377,Jennifer,Dorsey,1945-07-27,347 Smith Mountains,Marin de commerce,Prince Edward Island,F
378,Debbie,Brown,1945-05-21,3728 Jennifer Court Suite 806,Ingénieur technico-commercial en chimie,Saskatchewan,F
379,Olga,Olmo,1951-08-21,978 Anderson Parkways,Souscripteur,Alberta,F
380,Vienna,Gentile,1981-04-08,752 Edward Motorway Suite 599,Agent de service commercial train,New Brunswick,F
381,Margaud,Jacquet,1944-03-17,8223 Williams Square Suite 216,Consultant green IT,British Columbia,F
382,Cosetta,Caruso,1997-01-25,40039 Jackson Circles Suite 881,Credit manager,Alberta,F
383,Zoé,Rey,1977-05-02,346 Butler Valley,Botaniste,Prince Edward Island,F
384,Marie,Hebert,1985-02-02,34236 Smith Walks Apt. 642,Électronicien automobile,Saskatchewan,F
385,Jeanne,Bruneau,1968-09-16,82910 Parker Stravenue,Employé de restaurant,Prince Edward Island,F
386,Jessica,Munoz,1953-04-25,02279 Julie Cape Apt. 762,Encadreur,Northwest Territories,F
387,Flavio,Sanna,2000-06-22,8827 Brenda Trail Apt. 190,Étalagiste,New Brunswick,F
388,Mar,Fuente,1970-02-06,04738 Rachel Path Suite 505,Soigneur,Quebec,F
389,Constance,Diallo,1952-06-30,239 Whitehead Garden Suite 251,Attaché,Ontario,F
390,Elizabeth,Hunter,1963-04-25,279 Joseph Corner Suite 735,Neurobiologiste,British Columbia,F
391,Arcibaldo,Lombardo,1975-09-02,7480 Robert Glens,Cartographe,Ontario,F
392,Linda,Strickland,1943-09-09,811 Smith Summit Apt. 508,Ingénieur,British Columbia,F
393,Brandy,Harrington,1976-02-21,66582 Terry Isle,Analyste financier,Alberta,F
394,Manon,Munoz,1968-01-06,0102 Jillian Land Apt. 985,Officier de la marine marchande,Northwest Territories,F
395,Patricia,Barron,1988-12-02,110 Amy Gardens,Mouleur,Nova Scotia,F
396,Susanne,Lacroix,1990-12-06,673 Samantha Trail,Technicien en automatismes,Ontario,F
397,Jennifer,Baker,1965-03-03,1773 Lisa Parkways,Orfèvre,Saskatchewan,F
398,Eufemia,Fontana,1989-06-07,64841 Janice Isle,Secrétaire juridique,Newfoundland and Labrador,F
399,Susanne,Gaudin,1979-05-13,176 Emily Cape Suite 856,Oenologue,Yukon Territory,F
400,Rachel,Peterson,1967-12-25,0984 Gross Divide Apt. 508,Technicien télécoms et réseaux,Alberta,F
401,Margot,Leduc,1972-07-26,448 Leah Manors,Ingénieur chimiste,Alberta,F
402,Mathilde,Lefort,1957-07-15,66279 Jaclyn Skyway,Fiscaliste,Alberta,F
403,Denise,Lucas,1970-05-26,749 Turner Dam,Vendeur-conseil en matériel agricole,Yukon Territory,F
404,Aaron,Serra,1963-05-19,71601 Amy Pass,Syndic de copropriété,Northwest Territories,F
405,Véronique,Gilbert,1973-12-23,0816 Anderson Mountains,Ajusteur,New Brunswick,F
406,Catalina,Fábregas,1993-06-17,81240 Davies Haven,Archiviste,Manitoba,F
407,Zoé,Mathieu,1951-03-23,78270 Julia Gardens,Responsable du back-office,Quebec,F
408,Tazio,Parisi,1986-06-13,222 Mitchell Knolls Suite 315,Gardien de police municipale,Newfoundland and Labrador,F
409,Ángeles,Iniesta,1971-07-20,9156 Carter Walks Suite 335,Technicien de forge,New Brunswick,F
410,Kathleen,Rose,1992-11-02,500 Goodman Heights Apt. 541,Installateur en télécoms,Prince Edward Island,F
411,Antoinette,Begue,1949-05-16,4102 Jacob Overpass Suite 266,Agronome,Yukon Territory,F
412,Sharon,Ortiz,1995-01-25,7378 Cameron Harbors,Technicien des industries du verre,Saskatchewan,F
413,Donna,Young,1980-09-08,1657 Jimenez Freeway Suite 395,Technicien de l'intervention sociale et familiale,New Brunswick,F
414,Asunción,Estrada,1955-07-04,419 Linda Cliff Suite 895,Concepteur multimédia,Saskatchewan,F
415,Aurore,Dubois,1991-04-18,379 Patricia Drive,Mécanicien moto,Prince Edward Island,F
416,Frédérique,Sauvage,1976-03-20,5907 Taylor Mountains,Cadreur,Manitoba,F
417,Lucy,Pages,1961-06-09,18903 Zachary Points,Animateur,New Brunswick,F
418,Arnaude,Marty,1961-01-23,948 Maxwell Loaf,Officier de marine,Northwest Territories,F
419,Morgan,Robinson,1952-08-23,42227 Elliott Mountains,Technicien automobile,Nova Scotia,F
420,Nathalie,Gros,1950-11-04,87605 Todd Plaza Suite 915,Ingénieur,Northwest Territories,F
421,Adèle,Jean,1945-05-17,7833 Tyler Underpass Suite 870,Responsable de laboratoire de contrôle en biologie,Manitoba,F
422,Caitlyn,Sharp,1947-01-28,8914 Frank Overpass,Accompagnateur de voyages,Prince Edward Island,F
423,Jelena,Sartori,1958-09-30,399 Gordon Lane Apt. 062,Gardien de la paix,New Brunswick,F
424,Sara,Lopez,1966-10-27,7217 Derek Loop Suite 623,Auditeur interne,Manitoba,F
425,Lisa,Johnson,1955-09-24,21238 Elizabeth Island,Technicien en engins de travaux publics,Newfoundland and Labrador,F
426,Valérie,Leduc,1953-03-20,69331 Michael Bypass Suite 657,Inspecteur,British Columbia,F
427,Arnaude,Robin,1948-06-14,358 Murphy Ridges Suite 270,Mécanicien moto,Ontario,F
428,Soledad,Muñoz,1952-07-19,2377 Carlson Road Apt. 711,Ingénieur calcul,Nunavut,F
429,Vania,Marini,1997-04-26,69135 Johnson Lodge Suite 313,Directeur de création,Nova Scotia,F
430,Margot,Besnard,1996-07-16,69577 Griffin Oval Apt. 776,Artiste de cirque,Saskatchewan,F
431,Heather,Parker,1981-10-08,6166 Gary Club,Plâtrier,Nova Scotia,F
432,Danielle,Randolph,1980-12-20,591 Marvin Roads Apt. 103,Juriste droit de l'environnement,British Columbia,F
433,Christine,Park,1969-09-07,8075 Boyd Plaza Apt. 853,Sellier,Manitoba,F
434,Danielle,Monnier,1989-03-16,76139 Gonzalez Springs,Matelot,Quebec,F
435,Nick,Rizzi,1992-03-17,52361 Clay Shore Apt. 523,Caviste,Saskatchewan,F
436,Lucía,Paz,1941-09-02,717 Roth Manor Suite 223,Maroquinier,Newfoundland and Labrador,F
437,Fátima,Bastida,1981-12-08,4830 Earl Ville Apt. 760,Garde à cheval,Northwest Territories,F
438,Sonia,Tamayo,1956-04-29,11884 Kevin Flats,Chef de projet démantèlement nucléaire,Nunavut,F
439,Véronique,Lefevre,1972-05-07,52209 Michael Point,Éducateur,Ontario,F
440,Esperanza,Arana,1973-02-15,815 Kathy Ford Apt. 005,Zoologiste,Prince Edward Island,F
441,Kristen,Murray,1947-02-01,021 Stephen Stravenue Suite 692,Sportif de haut niveau,New Brunswick,F
442,Susan,Martin,1993-03-09,703 Smith Trafficway Apt. 505,Responsable du soutien logistique intégré,New Brunswick,F
443,Mathilde,Barbe,1959-01-05,393 Amanda Green Apt. 049,Commissaire-priseur,Nunavut,F
444,Camille,Chartier,1955-03-26,93726 Thomas Mission,Infirmier humanitaire,Newfoundland and Labrador,F
445,Renée,Leduc,1990-04-05,25257 Conner Run Suite 112,Adjoint,Alberta,F
446,Monique,Brun,1943-08-20,34391 Yvonne Fort,Orfèvre,New Brunswick,F
447,Kai,Marchetti,1943-04-03,48183 Bailey Ford,Architecte produit industriel,New Brunswick,F
448,Hayley,King,1944-09-21,96177 Fowler Springs,Enseignant humanitaire,Prince Edward Island,F
449,Luce,Simon,1962-02-13,7234 Monica Pass Suite 124,Chaudronnier,Manitoba,F
450,Orfeo,Negri,1972-07-03,6610 Jones Meadow Apt. 199,Ingénieur environnement et risques industriels,Quebec,F
451,Manuela,Oliva,1985-02-07,9620 Jason Dam,Employé de restaurant,Quebec,F
452,Claire,Maillard,1962-01-19,79483 Leach Road,Scénariste,Nova Scotia,F
453,Joshua,Greco,1953-12-19,55512 Jeffrey Springs Apt. 715,Analyste financier,British Columbia,F
454,Angel,Griffith,1968-12-07,18413 Allen Lodge Suite 326,Boucher,Nunavut,F
455,Lorraine,Gregoire,1998-05-26,430 Geoffrey Port Apt. 642,Traducteur-interprète,New Brunswick,F
456,Madeleine,Valentin,1968-10-30,75993 Peck Street,Ingénieur en production et expérimentations végétales,British Columbia,F
457,Laetitia,Pineau,1977-02-05,594 Jeffrey View, ingénieur,British Columbia,F
458,Encarnacion,Verdú,1943-06-06,926 Simmons Hills,Officier de marine,New Brunswick,F
459,Véronique,Briand,1982-01-22,62047 Marvin Dam Suite 798,Ingénieur du BTP,Northwest Territories,F
460,Chelsea,Jones,1961-07-08,592 Lisa Well,Garde à cheval,Saskatchewan,F
461,Catherine,Quinn,1949-09-21,1411 Emily Road Apt. 125,Technicien des industries du verre,Nunavut,F
462,daisy,Gilles,1990-11-03,131 Thomas Lights Suite 691,Météorologiste,New Brunswick,F
463,Brigitta,Carbone,1955-09-15,606 Robert Drives Suite 188,Animateur de bassin versant,Yukon Territory,F
464,Maggiore,Bianchi,1989-10-20,214 Charles Station Apt. 338,Webdesigner,New Brunswick,F
465,Eva,Haro,1993-05-06,66126 Tina Ports,Façadier,New Brunswick,F
466,Olivie,Mace,1952-11-19,155 Rice Crossroad Apt. 157,Assistant en ressources humaines,British Columbia,F
467,Élodie,Boucher,1973-08-16,114 Green Plains Apt. 508,Consignataire de navire,Manitoba,F
468,Vanessa,Acosta,1978-08-02,308 Smith Trail,Responsable du recrutement,New Brunswick,F
469,Carla,Hess,1959-11-12,2208 Beck Ports,Volcanologue,Saskatchewan,F
470,Consuelo,Trillo,1988-07-15,27796 Stevens Loop Suite 714,Analyste financier,Prince Edward Island,F
471,Geneviève,Hoareau,1951-04-30,8767 Brittany Dam,Ingénieur de la police technique et scientifique,Prince Edward Island,F
472,Christelle,Simon,1947-01-12,70874 Kennedy Prairie Apt. 779,Professeur d'éducation physique et sportive,British Columbia,F
473,Josette,Bazin,1954-12-13,827 Turner Valley,Maître  d'hôtel,Nunavut,F
474,Kimberly,Hinton,1947-01-31,120 Brittany Ridges,Ingénieur télécoms et réseaux,Quebec,F
475,Julie,Hogan,1998-06-06,884 Fox Light,Chargé de recherche et développement déchets,Saskatchewan,F
476,Aimée,Pascal,1975-02-02,326 Scott Spurs Apt. 388,Archiviste,Prince Edward Island,F
477,Charlotte,Gros,1957-05-28,1954 Wells Mission Apt. 323,Économe de flux,New Brunswick,F
478,Caroline,Allain,1948-10-12,7324 Alexis Rapids Suite 146,Responsable du soutien logistique intégré,New Brunswick,F
479,Karen,Smith,1996-06-30,68529 Robert Fords Suite 330,Conseiller espace info-énergie,Prince Edward Island,F
480,Emmanuelle,Nicolas,1962-09-10,056 Gardner Circle Apt. 720,Chef de produit touristique,Ontario,F
481,Stacy,Ortega,1995-07-24,798 Daniels Harbors Apt. 736,Géographe,Manitoba,F
482,Debra,Gonzalez,1955-07-02,958 Cassie Gateway,Maquettiste,Nunavut,F
483,Catherine,Kelly,1992-05-19,6499 Perry Turnpike,Histologiste,New Brunswick,F
484,Ausonio,Milani,1943-01-10,58564 Francis Inlet Apt. 693,Agenceur de cuisines et salles de bains,Newfoundland and Labrador,F
485,Laetitia,Gautier,1943-09-05,78131 Joshua Walks,Guide-interprète,Northwest Territories,F
486,Margot,Laine,1944-06-15,71308 Miller Island Apt. 640,Archiviste,Nunavut,F
487,Christine,Nicolas,1942-09-06,639 Russell Ports Apt. 115,Directeur d'office de tourisme,Nunavut,F
488,Diane,Holt,1964-08-16,00330 Hayes Lane,Mixeur,Prince Edward Island,F
489,Claude,Pascal,1970-10-03,52341 Harris Mission Apt. 776,Conseiller en salle de remise en forme,Yukon Territory,F
490,Jessica,Brown,1977-12-13,54836 Christopher Trafficway,Agent de propreté urbaine,Alberta,F
491,Monique,Rolland,1991-12-25,31170 Antonio Village Suite 519,Conseiller espace info-énergie,New Brunswick,F
492,Dorothée,Baron,1952-01-17,2421 Robert Shoals Apt. 735,Gérant de restauration collective,Nova Scotia,F
493,Soriana,Gentile,1964-06-25,87348 Johnson Ford Apt. 362,Monteur en réseaux de distribution électrique,Nova Scotia,F
494,Milagros,Sainz,1962-03-09,899 Robin Shore Apt. 099,Sportif de haut niveau,Alberta,F
495,Stéphanie,Le Roux,1992-12-04,17786 Moore Falls Suite 368,Veilleur stratégique,Ontario,F
496,Anastasie,Leroy,1959-01-23,2579 Bailey Turnpike,Projectionniste,Prince Edward Island,F
497,Kimberly,Randall,1978-02-06,7535 Raymond Plains Suite 249,Caissier,Prince Edward Island,F
498,Diane,Skinner,1995-05-13,1963 Miranda Prairie,Aquaculteur,New Brunswick,F
499,Sophie,Adam,1948-11-18,415 Stevens Cape Apt. 659,Hydraulicien,Quebec,F
