first_name,last_name,birth_date,address,job,province,sex
Alvaro,Infante,1945-06-27,12624 Kayla Shoal,Commercial export,New Brunswick,M
Georges,Germain,1998-05-27,839 Simmons Streets Suite 848,Brodeur,Nova Scotia,M
Brandon,Barajas,1992-11-23,59384 Jennifer Trail Apt. 742,Histologiste,British Columbia,M
Bernard,Delahaye,1973-07-10,6477 Santiago Isle Apt. 970,Animateur d'activités physiques et sportives,New Brunswick,M
Thomas,Cunningham,1941-06-04,4395 Alyssa Cove Apt. 664,Développeur économique,Prince Edward Island,M
Alain,Martineau,1955-10-15,041 Marks Mount Apt. 674,Bijoutier,Ontario,M
Luigi,Coppola,1947-03-12,098 Ellison Cliff,Ingénieur en électronique numérique,British Columbia,M
Marcel,Fischer,1957-03-04,28549 Eric Green Apt. 476,Administrateur de spectacle,Manitoba,M
Matthew,Valencia,1958-07-24,232 Leslie Underpass,Contrôleur technique automobile,New Brunswick,M
Maggiore,Parisi,1975-01-02,903 Ashley Rest,Agent d'assurances ,Ontario,M
Mohamed,Lastra,1968-11-01,66464 Schneider Station Suite 305,Gestionnaire de contrats informatiques,British Columbia,M
Seth,Peterson,1990-09-24,7118 Cummings Freeway Apt. 966,Responsable de la rémunération,British Columbia,M
Vincent,Smith,1943-02-05,2654 Christopher Turnpike,Canalisateur,Manitoba,M
Michael,Smith,1952-12-14,20254 Anna Divide,Mixeur,Manitoba,M
Henry,Carroll,1977-09-27,11722 Figueroa Underpass,Souffleur de verre ,New Brunswick,M
Steven,Adkins,1989-10-22,93983 Lozano Villages,Secrétaire administratif,Prince Edward Island,M
Jason,Simmons,1990-12-01,4209 Woodward Bridge,Maître  d'hôtel,Prince Edward Island,M
Alphonse,Rossi,1990-04-14,0597 Murray Lock,Parfumeur,Yukon Territory,M
Thomas,Guichard,1988-09-29,8429 Gregory Loop Suite 304,Pédicure-podologue,New Brunswick,M
Jose Miguel,Tamarit,1946-06-04,591 Brooke Trail Suite 126,Ingénieur en énergie solaire,Manitoba,M
Vincent,Lombard,1957-07-27,4733 Justin Path Suite 231,Ergothérapeute,Ontario,M
Benoît,Legendre,1955-08-22,52559 Keith Cliffs Apt. 542,Reporter-photographe,Yukon Territory,M
Bertrand,Herve,1946-02-26,094 Newton Prairie,Prothésiste dentaire,New Brunswick,M
Zacharie,Michel,1953-01-20,9307 Morgan Canyon Suite 054,Céramiste,New Brunswick,M
Richard,Lacombe,1961-04-23,7689 Paul Islands,Vétérinaire,Ontario,M
Emmanuel,Poulain,1982-01-22,66996 Jackson Place,Monteur en installations thermiques et climatiques,Nunavut,M
Joseph,Burke,1983-08-22,54087 Russell Bypass Apt. 136,Informaticien,Saskatchewan,M
Emmanuel,Lecoq,1943-07-06,578 Richard Hollow,Sapeur,Alberta,M
Christophe,Besnard,1976-10-22,3077 Hernandez Corners,Gouvernante,Ontario,M
Joseph,Mcguire,1973-06-11,305 Katie Cove,Régisseur cinéma,Northwest Territories,M
Ruben,Amorós,1966-09-24,71772 Teresa Ports Apt. 361,Technicien biologiste,Quebec,M
Danny,Montoya,1956-11-04,380 Curtis Isle Apt. 481,Chef de chantier,New Brunswick,M
Noël,Denis,1972-09-03,43241 Rebecca Divide Suite 172,Ingénieur de la police technique et scientifique,Yukon Territory,M
Hugues,Marechal,1942-03-30,6520 Tanner Islands Suite 585,Boulanger,Alberta,M
Emmanuel,Didier,1968-09-15,32179 Robles Causeway,Puériculteur,Alberta,M
Adam,Eaton,1941-02-24,67293 Linda Wall Suite 966,Designer sonore,Yukon Territory,M
Raymond,Barre,1958-06-29,49382 Shane Ranch Suite 780,Microbiologiste,Nova Scotia,M
René,Chartier,1978-01-30,5172 Brown Passage,Architecte produit industriel,Nunavut,M
Daniel,Pages,1984-10-19,8702 Jackson Coves,Technicien,Newfoundland and Labrador,M
Michael,Jensen,1944-06-07,0911 Murray Estates,Photographe,Nova Scotia,M
Arthur,Baudry,1941-10-22,244 Ryan Road,Vendeur en micro-informatique et multimédia,Saskatchewan,M
Théophile,Roux,1990-03-30,57303 Teresa Vista,Traducteur-interprète,Nova Scotia,M
Bryan,Montes,1984-03-07,00522 David Cape Apt. 566,Volcanologue,New Brunswick,M
Juan Antonio,Losa,1989-01-15,96128 Michael Shore Suite 419,Expert immobilier,New Brunswick,M
Thibault,Marty,1970-06-19,618 Gonzales Spur Suite 560,Botaniste,British Columbia,M
Nicholas,Torres,1974-01-25,127 Daniel Highway,Substitut du procureur,New Brunswick,M
Georges,Lebreton,1979-07-22,375 Jeffrey Haven,Chauffeur de taxi,British Columbia,M
Yves,De Sousa,1973-04-14,88888 Lori Greens Suite 102,Technicien,Northwest Territories,M
Matthew,Williams,1965-10-23,52756 Farley Stream,Commerçant en alimentation,Nunavut,M
Ivano,Rossetti,1968-09-13,519 Tracy Valley,Boulanger,Alberta,M
Patrick,Lenoir,1941-01-08,9586 Nelson Flats Suite 210,Charpentier bois,Saskatchewan,M
Kevin,Gutierrez,1948-07-30,60681 Matthew Radial Suite 120,Ethnologue,Northwest Territories,M
Thomas,Caron,1957-01-21,5145 Adrian Flats,Ingénieur production en mécanique,Ontario,M
Zaccaria,Romano,1994-02-01,70767 Michael Inlet,Directeur,Saskatchewan,M
Kris,Bernardi,1995-12-24,049 Farmer Rapid Apt. 883,Conseiller agricole,British Columbia,M
Jay,Miller,1966-06-15,036 Black Spring,Artiste de cirque,British Columbia,M
Thomas,Raynaud,1950-06-08,26855 Harrell Ridges Apt. 612,Juriste d'entreprise,Nova Scotia,M
James,Turner,1943-02-23,3829 Gloria Flats Suite 372,Directeur de magasin à grande surface,Ontario,M
Georges,Etienne,1972-06-07,00890 Harper Expressway Suite 577,Logisticien,Newfoundland and Labrador,M
Vania,Russo,1983-01-04,545 Cynthia Estate,Archiviste,Saskatchewan,M
Craig,Mccall,1997-05-25,553 Davis Landing Apt. 500,Gestionnaire de contrats informatiques,Saskatchewan,M
Denis,Denis,1998-02-28,806 Elizabeth Mews,Guide de haute montagne,Yukon Territory,M
Edvige,Galli,1971-07-24,3453 Diana Drive Suite 134,Ingénieur essais,Quebec,M
Jon,Knapp,1971-12-11,683 Juan Islands,Actuaire,Alberta,M
Emmanuel,Gros,1986-03-31,60409 Sara Plaza Suite 375,Charcutier,Nunavut,M
Pablo,Morales,1958-03-22,465 John Trafficway Suite 927,Journaliste,Nova Scotia,M
Thierry,Lopez,1965-08-10,11290 Debra Neck,Technicien automobile,Newfoundland and Labrador,M
Gianriccardo,Cattaneo,1995-06-05,2050 Martin Pass Suite 175,Vendeur en micro-informatique et multimédia,Nova Scotia,M
Isaac,Martinez,1961-12-31,1044 Dale Streets Apt. 445,Informaticien,Newfoundland and Labrador,M
Sebastian,Lombardo,1968-10-13,40434 Hansen Brooks,Régisseur de spectacles,British Columbia,M
Adrien,Millet,1950-04-09,71903 Ruiz Bridge Suite 621,Ingénieur d'application,Manitoba,M
Emmanuel,Guillon,1975-02-16,72131 Holly Fall Suite 519,Vendeur en animalerie,Alberta,M
Arturo,Mariani,1969-03-21,04980 Villanueva Village,Opticien,Alberta,M
Ian,Romero,1991-09-01,227 Vaughn Inlet,Audioprothésiste,New Brunswick,M
Gilles,Boyer,1976-07-30,0124 Jodi Ports,Technicien de maintenance en génie climatique,Ontario,M
Roger,Marechal,1966-06-30,95449 Williams Shores Apt. 710,Responsable de site de traitement des déchets,Prince Edward Island,M
Shawn,Hebert,1988-08-12,524 Flores Stream,Souffleur de verre ,Prince Edward Island,M
Mark,Sloan,1989-05-05,970 Christine Orchard Apt. 477,Batelier,Nova Scotia,M
Grégoire,Prevost,1997-11-20,040 Gonzalez Junctions,Responsable du recrutement,Newfoundland and Labrador,M
Victor,Marie,1941-03-05,16659 Kenneth Junctions Apt. 159,Mécanicien,New Brunswick,M
Martin,Garcia,1999-11-17,0437 Williams Lights Suite 980,Maître  d'hôtel,Quebec,M
Marc,Etienne,1979-03-23,1162 Joshua Motorway Suite 026,Clerc d'huissier,Alberta,M
Gregorio,Lasa,1966-02-17,34100 Butler Manors,Musicien,Manitoba,M
Connor,Warren,1992-10-10,0384 Brent Harbor,Dessinateur BTP,Saskatchewan,M
Chris,Savage,1943-08-09,16163 Farley Coves,Agenceur de cuisines et salles de bains,New Brunswick,M
Guy,Cousin,1979-01-19,578 Miller Extensions,Contrôleur,Manitoba,M
Jose Francisco,Criado,1979-07-23,8563 Juan Crossroad Apt. 076,Charcutier,Saskatchewan,M
Deborah,Farina,1946-03-26,1682 Diane Inlet Suite 206,Pédiatre,Ontario,M
Franck,Boucher,1986-03-17,2102 Rogers Causeway Suite 705,Parfumeur,British Columbia,M
John,Williams,1978-06-02,94184 Carey Corners Apt. 893,Restaurateur d'oeuvres d'art,Saskatchewan,M
Charles,Hays,1954-03-24,992 Carrie Ridge Apt. 551,Artiste de cirque,Yukon Territory,M
Scott,Wiggins,1987-06-18,88451 David Greens Suite 099,Cordiste,Ontario,M
Max,Giuliani,1986-03-14,78474 Lynch Mountains Suite 735,Rudologue,Saskatchewan,M
Charles,Guibert,1996-04-29,567 Mcdonald Route,Tapissier d'ameublement ,British Columbia,M
Shawn,Gonzalez,1982-04-24,2497 Tiffany Union Suite 482,Chef de publicité,British Columbia,M
Gilbert,Aubert,1949-06-29,3781 Lawrence Turnpike Apt. 169,Illustrateur,Nova Scotia,M
Honoré,Le Gall,1961-12-07,19097 Kimberly Shoal,Tailleur de pierre,Saskatchewan,M
William,Leger,1958-04-27,931 Hernandez Junction Suite 873,Architecte produit industriel,Nova Scotia,M
Kevin,Navarro,1969-06-29,62591 Rodriguez Expressway,Astrophysicien,Alberta,M
Aimé,Gimenez,1961-12-22,7910 Diana Square Suite 628,Éleveur,Newfoundland and Labrador,M
Jean,Regnier,1957-07-21,8880 Shari Mews,Inspecteur du permis de conduire et de la sécurité routière,Saskatchewan,M
Joaquin,Font,1968-03-30,6988 Sarah Dam,Opticien,Northwest Territories,M
Reginald,Cervantes,1982-10-27,0287 Paul Walks,Mécanicien d'entretien d'avion,Newfoundland and Labrador,M
Christopher,Gardner,1996-11-03,3959 Brewer Tunnel,Mécanicien,Nunavut,M
Robert,Rios,1982-01-25,9538 Michael Orchard Suite 673,Météorologiste,Yukon Territory,M
John,Romero,1962-05-31,986 Walker Street Apt. 110,Marin pêcheur,Prince Edward Island,M
Gaetano,Ferrari,1994-02-04,83328 Kyle Glens Apt. 822,Chargé d'affaires en génie mécanique,Prince Edward Island,M
Benjamin,Hernandez,1979-07-15,665 Jamie Island,Tapissier d'ameublement ,Nunavut,M
Michael,Phillips,1949-04-19,785 Chad Junction Apt. 689,Ingénieur,New Brunswick,M
Jules,Mallet,1952-12-06,46395 Smith Harbor Apt. 037,Veilleur stratégique,Nunavut,M
Piersilvio,Silvestri,1996-04-01,45260 Jill Groves,Éducateur,Alberta,M
Joseph,Byrd,1965-12-10,4884 Trevor Canyon Suite 063,Ascensoriste,Yukon Territory,M
Gilles,Hardy,1992-06-01,53322 Madden Ranch Suite 332,Conducteur de bus ou d'autocar,Ontario,M
Gilles,Royer,1999-10-07,45187 Lewis Trace,Batelier,New Brunswick,M
Guillermo,Comas,1970-04-01,18907 Kaitlin Cliff Apt. 727,Technicien céramiste,Nova Scotia,M
Philippe,Techer,1983-01-04,27731 Terrance Squares Suite 179,Secrétaire médical,Nova Scotia,M
Danuta,Bruno,1960-12-23,798 Jackson Keys,Collaborateur de notaire,Saskatchewan,M
Martin,Thibault,1975-03-20,88254 Anthony Pine,Auditeur interne,Yukon Territory,M
Tristan,Goncalves,1973-03-13,4030 Huang Pine Suite 389,Aide-soignant,Newfoundland and Labrador,M
Gérard,Boulay,1987-08-11,1385 Hayley Village,Agent de service commercial train,Alberta,M
Dustin,Duncan,1998-03-11,465 Sloan Gateway,Spécialiste des affaires réglementaires en chimie,Northwest Territories,M
Martin,Clement,1946-09-27,7475 John Cape Suite 467,Directeur d'hôpital,Newfoundland and Labrador,M
Aimé,Pasquier,1958-12-15,3931 Brock Divide Suite 992,Soudeur,Alberta,M
Thibault,Nicolas,1943-10-25,4798 Jacob Course Apt. 631,Pédologue,Manitoba,M
Stéphane,Giraud,1972-12-04,2015 Hunter Roads,Technicien d'exploitation du réseau gaz,New Brunswick,M
Andrés,Cañellas,1967-09-07,3175 Juan Glens Apt. 365,Solier-moquettiste,Manitoba,M
Kristel,Lombardo,1967-04-16,9730 Brown Mills,Monteur en réseaux de distribution électrique,Northwest Territories,M
Robert,Young,1995-12-02,1434 Hurst Parks Apt. 945,Pédicure-podologue,New Brunswick,M
Xavier,Girón,1983-09-30,774 Rodriguez Rest Apt. 148,Économe de flux,Yukon Territory,M
Fiorenzo,Rossetti,1998-07-27,039 Cindy Vista,Manipulateur en électroradiologie médicale,Nova Scotia,M
Isaac,Boyer,1993-01-31,80352 Gary Parkways Suite 855,Puériculteur,Northwest Territories,M
Thibault,Etienne,1946-11-04,407 Nicole Expressway Suite 139,Chanteur,Nova Scotia,M
Étienne,Marin,1996-01-31,123 Lawrence Forge,Officier de police,Quebec,M
Jose Angel,Esparza,1951-07-04,6725 Ferguson Branch,Ingénieur analyste de l'air,New Brunswick,M
Matthew,Davis,1947-04-19,7876 Laurie Lodge Apt. 599,Régleur,Newfoundland and Labrador,M
Jorge,Eaton,1942-01-01,36755 Stuart Ramp Suite 710,Guide de haute montagne,British Columbia,M
Gabriel,Moulin,1977-12-21,278 Gomez Run,Employé de pressing,Prince Edward Island,M
Ethan,Hudson,1995-10-30,1303 James Field,Militaire technicien,Newfoundland and Labrador,M
Lucas,Payet,1978-03-01,7864 Hays Ridge Suite 383,Orthophoniste,Nova Scotia,M
Laura,Caruso,1991-02-18,164 Michael Mews Apt. 035,Chargé de veille législative et réglementaire,Newfoundland and Labrador,M
Robert,Rogers,1983-08-27,926 Tina Plain,Expert-comptable,Saskatchewan,M
Jesús,Amat,1969-04-28,45054 James Brooks Apt. 149,Installateur en télécoms,Alberta,M
Dustin,Miller,1957-01-04,793 Christine Tunnel,Agent des méthodes,New Brunswick,M
John,Russell,1987-12-08,8244 Cassandra Knolls,Chargé d'affaires en génie climatique,Newfoundland and Labrador,M
Enzo,Ferri,1976-10-20,87232 Odonnell Gateway,Opérateur en traitement des matériaux,Nunavut,M
Giulio,Farina,1994-02-14,86971 Davis Islands Suite 088,Mouleur,Saskatchewan,M
Hugo,Tejada,1991-01-01,767 Rose Pike Suite 165,Costumier,New Brunswick,M
Juan,Catalá,1946-11-12,62709 Walker Grove,Barman ,Manitoba,M
John,Henderson,1974-12-02,7929 Durham Fork,Juriste droit de l'environnement,Saskatchewan,M
Yves,Philippe,1964-05-27,44617 Payne Centers Suite 486,Syndic de copropriété,Nunavut,M
Jeremy,Martin,1971-01-24,817 Meyers Expressway Suite 376,Consultant,Alberta,M
Honoré,Launay,1958-04-04,89146 Andre Gateway Apt. 190,Logisticien,Yukon Territory,M
Yves,Toussaint,1999-09-10,585 Jacob Crescent Apt. 339,Gouvernante,British Columbia,M
Maurice,Martineau,1958-04-24,8846 Jessica Track,Relieur,Alberta,M
Emmanuel,Robin,1947-10-04,93526 Tyrone Curve,Directeur d'hôpital,Northwest Territories,M
David,Berthelot,1957-12-07,6230 Roberto Plaza Suite 375,Assistant,Yukon Territory,M
William,Perez,1969-08-14,71960 Seth Estate Apt. 296,Ingénieur,Nunavut,M
David,Fuller,1957-05-27,7281 Tina Cove Suite 512,Officier de police,Yukon Territory,M
William,Menard,1982-04-26,2738 Larry Cove Suite 958,Directeur,Yukon Territory,M
Marc,Lecomte,1968-01-13,114 Erika Lane,Ingénieur forage,Prince Edward Island,M
Jacques,Hamon,1973-01-05,670 Kevin Port,Géotechnicien,Nova Scotia,M
Curtis,Williams,1966-12-03,335 Holloway Keys,Administrateur de spectacle,Saskatchewan,M
Cirino,Lombardo,1962-12-04,334 Kramer Common,Technicien en optique de précision,Northwest Territories,M
Stéphane,Durand,1967-06-06,21179 Bryant Squares Suite 684,Animateur nature,Newfoundland and Labrador,M
Victor,Georges,1994-03-08,06812 Matthew Well Suite 425,Agent des méthodes,Alberta,M
Scott,Tapia,1975-01-16,459 Kelly Village,Credit manager,Saskatchewan,M
Joseph,Williams,1987-11-30,803 Wanda Common Suite 958,Carrossier ,New Brunswick,M
Joannes,Gallo,1975-07-23,806 Johnston Lake Suite 017,Installateur en télécoms,Northwest Territories,M
Grégoire,Texier,1976-10-03,33613 Amanda Ford Suite 434,Ingénieur textile,Manitoba,M
Andre,Jones,1947-02-28,106 Kramer Tunnel,Technicien de fabrication de mobilier et de menuiserie,Nunavut,M
Guillaume,Diallo,1982-02-09,96121 Dana Knolls Apt. 350,Chef comptable,Nova Scotia,M
Christopher,Stein,1990-07-11,35275 Perkins Canyon Apt. 435,Tailleur,Nunavut,M
Tosca,Vitale,1950-04-18,13110 Richard Corner,Bijoutier,Nova Scotia,M
Franck,Robert,1942-04-15,755 Williams Crossing Suite 057,Anatomiste,Quebec,M
Bernard,Boutin,1981-03-01,12768 Anna Isle Apt. 038,Carrossier ,British Columbia,M
Christophe,Verdier,1944-05-17,1178 Tim Union,Collaborateur de notaire,Ontario,M
Roger,Da Silva,1959-07-12,8343 Underwood Island Apt. 609,Responsable du service après-vente,Alberta,M
Mario,Williams,1969-05-27,31350 Henson Divide Apt. 186,Juriste en droit social,Ontario,M
Sébastien,Samson,1990-12-21,9601 Brian Isle Suite 237,Conducteur de machines agricoles,Manitoba,M
Tristan,Germain,1986-06-09,2733 Antonio Cliffs Apt. 708,Ingénieur calcul,Saskatchewan,M
Isaac,Tanguy,1993-10-11,344 Michael Vista,Tonnelier,Quebec,M
Étienne,Texier,1954-01-03,572 Meyer Drives Suite 127,Responsable du back-office,New Brunswick,M
Louis,Gaudin,1945-10-20,1508 Bonnie Rapids,Commercial export,Newfoundland and Labrador,M
Éric,Raymond,1989-12-22,7973 Robinson Ferry,Chargé d'études naturalistes,Manitoba,M
Joey,Sala,1998-12-16,5513 Weaver Passage,Projectionniste,British Columbia,M
Charles,Joubert,1995-06-11,003 Randall Lights,Consultant green IT,Manitoba,M
Pierre,Rey,1990-02-01,5263 Torres Falls Suite 406,Guide conférencier des villes et pays d'art et d'histoire,Ontario,M
Grégoire,Marechal,1963-11-21,05367 Lowe View,Sage-femme ,Nova Scotia,M
Jules,Lebon,1970-05-18,7081 Li Road,Technicien,Alberta,M
Lorenzo,Sales,1985-01-07,810 Daniel Glens Suite 341,Analyste de crédit,Ontario,M
Brian,Mendoza,1954-07-03,487 Wayne Keys,Éducateur de jeunes enfants,Yukon Territory,M
Matthew,Jones,1966-07-13,13719 Tamara Courts,Accompagnateur de tourisme équestre,Northwest Territories,M
Salvador,Quero,1963-07-19,73038 Ramirez Parkways Apt. 752,Administrateur de réseau,Northwest Territories,M
Joseph,Reynaud,1982-04-23,287 Tammy Street,Militaire technicien,Manitoba,M
Adrien,Chartier,1988-09-02,0225 Laura Knoll,Techniverrier,Prince Edward Island,M
Benoît,Pinto,1999-12-29,244 Ford Lodge,Auteur interprète,New Brunswick,M
Thomas,Charles,1967-01-12,070 Brock Viaduct,Grutier,Nova Scotia,M
Julien,Maury,1953-02-19,936 Shawn Manor,Ingénieur hydrogéomorphologue,Manitoba,M
Sergio,Folch,1979-01-06,313 Clark Causeway Suite 410,Étalagiste,Manitoba,M
John,Foley,1985-11-05,607 Travis Island,Animateur du patrimoine,Quebec,M
Flavio,Farina,1975-08-28,887 Matthew Path Suite 435,Géochimiste,New Brunswick,M
Gabriel,Herrera,1996-08-18,75062 Cline Row Apt. 782,Garçon de café,Northwest Territories,M
Hector,Bautista,1947-09-02,35930 Joshua Crossroad,Administrateur de réseau,Saskatchewan,M
Patrick,Ferrand,1961-12-20,981 Brett Ferry,Chargé de production,Newfoundland and Labrador,M
Rosaria,Rossi,1991-12-29,2101 Smith Spur Apt. 168,Ingénieur en construction automobile,Northwest Territories,M
Paul,Le Roux,1998-10-11,0282 Scott Pass,Responsable de projets culturels,Saskatchewan,M
Martin,Benard,1980-07-24,7453 Carroll Groves Apt. 655,Matelot,Yukon Territory,M
Juan,Blanchard,1943-08-15,444 Mcintyre Orchard,Conducteur de ligne de production alimentaire,New Brunswick,M
Chad,Miller,1956-03-31,85655 Murray Isle Apt. 453,Ingénieur radioprotection,Manitoba,M
Edward,Ramos,1949-11-18,445 David Roads,Machiniste constructeur ou plateau,Manitoba,M
Kyle,Daugherty,1984-03-05,93633 Conway Squares Suite 396,Mouleur,Alberta,M
Kevin,Rodriguez,1968-08-12,12371 Michael Bypass Apt. 884,Concepteur,Newfoundland and Labrador,M
Jordan,Schneider,1995-11-28,129 Kimberly Burgs,Technicien d'analyses biomédicales,Manitoba,M
Carl,Taylor,1963-06-23,121 Julia Terrace,Solier-moquettiste,Alberta,M
Jesús,Criado,1942-09-28,9429 Rodriguez Station Apt. 966,Régisseur cinéma,British Columbia,M
Tyrone,Shelton,1982-01-21,46623 Baldwin Unions,Responsable de laboratoire de contrôle en biologie,Ontario,M
Jose,Nunez,1984-12-14,373 Mosley Skyway,Juge d'instance,Ontario,M
Mohamed,Salazar,1999-09-16,7978 Edwin Hill,Chargé de pharmacovigilance,Yukon Territory,M
Étienne,Boulay,1985-02-22,7340 Jenna View Apt. 706,Brodeur,Yukon Territory,M
Alexandre,Masse,1980-07-12,08146 Kelley View Suite 904,Rédacteur en chef,Yukon Territory,M
Gilles,Maurice,1992-05-13,044 Kathryn Estate,Agent artistique,Northwest Territories,M
Jerry,Coleman,1965-01-20,268 Robert Lights Suite 987,Vétérinaire,Ontario,M
Richard,Williams,1953-11-29,236 William Road,Auditeur externe,Alberta,M
Théophile,Begue,1959-07-28,28994 Gomez Shore Suite 266,Ingénieur réservoir,Prince Edward Island,M
Benoît,Daniel,1941-09-19,615 Larsen Springs,Météorologiste,Ontario,M
Timothée,Albert,1978-09-16,5790 Michael Locks,Trader,Nunavut,M
Germano,Rossetti,1961-03-17,167 Charles Mews Apt. 469,Animateur nature,Nunavut,M
Gilles,Schmitt,1984-05-29,190 Andrew Hills Suite 121,Animateur d'activités physiques et sportives,New Brunswick,M
Teseo,Gentile,1979-11-12,039 David Flat,Technicien d'exploitation du réseau gaz,Nova Scotia,M
Jordi,Luque,1953-08-20,6793 Stacy Camp,Charpentier bois,Saskatchewan,M
Guillermo,Peláez,1956-01-14,509 Bridget Crossing Suite 583,Géophysicien,New Brunswick,M
Patrick,Bazin,1989-07-08,0653 John Locks Apt. 599,Cuisinier,Newfoundland and Labrador,M
Michael,Thomas,2000-07-05,94086 Diana Oval,Hôte d'accueil,Saskatchewan,M
William,Poirier,1969-07-25,4762 Fletcher Extension,Chef de projet sites et sols pollués,Quebec,M
Denis,Mace,1955-12-01,995 Snyder Cliff,Relieur,British Columbia,M
Daniel,Normand,1990-06-12,2312 Kevin Crescent,Masseur-kinésithérapeute,Nova Scotia,M
Eddie,Goodwin,1950-06-30,946 Oliver Islands,Halieute,Prince Edward Island,M
André,Raynaud,1952-11-05,7732 Dylan Parkways Suite 380,Économe de flux,Prince Edward Island,M
Marc,Rosselló,1968-08-12,1896 Gomez Fort,Zoologiste,Nunavut,M
Bradley,Ortiz,1986-02-16,1486 Eric Spring,Chargé de pharmacovigilance,British Columbia,M
William,Lewis,1947-05-24,255 Laura Square Suite 849,Technicien d'exploitation du réseau gaz,Saskatchewan,M
Christopher,Brown,1973-01-22,73298 Mora Turnpike,Orfèvre,Prince Edward Island,M
Franck,Ferrand,1976-08-22,186 Lee Crescent Apt. 175,Agent de sécurité,Nova Scotia,M
Keith,Morales,1969-02-05,5472 Carlos Burgs,Bottier,Quebec,M
Guillermo,Chaves,2000-08-14,8755 Ashley Pine Apt. 060,Maître  d'hôtel,Northwest Territories,M
Steven,Miller,1993-07-25,1032 Julie Union,Conducteur de bus ou d'autocar,New Brunswick,M
Isaac,Renard,1940-11-23,028 Scott Points,Acheteur d'espaces publicitaires,Manitoba,M
Thomas,Tessier,1983-02-21,843 Martinez Center Suite 624,Dépanneur en électroménager,Saskatchewan,M
Denis,Alexandre,1974-01-13,2680 Everett Gardens Suite 396,Chef de projet éolien,Yukon Territory,M
Travis,Byrd,1992-10-07,01907 Sheppard Shore,Généticien,Ontario,M
Timothée,Chretien,1984-05-25,6726 Morgan Streets Apt. 138,Ingénieur en production et expérimentations végétales,Nunavut,M
Antoine,Vasseur,1957-06-15,164 Travis Rapid,Chef de projet multimédia,Yukon Territory,M
Joshua,Gillespie,1972-12-21,162 Robert Summit Apt. 745,Hydraulicien,Nova Scotia,M
Michael,Rowland,1973-02-06,5894 Kenneth Parkways,Formateur en informatique,New Brunswick,M
Daniel,Beltran,1948-07-10,5811 Monica Light,Chef de projet éolien,Prince Edward Island,M
Michel,Richard,1944-08-08,0537 Scott Creek Suite 218,Conseiller en économie sociale et familiale,Alberta,M
Fiorentino,Rizzi,1996-06-15,381 Brian Vista Suite 143,Chercheur en biologie du sport,Quebec,M
Xavier,Michaud,1973-03-26,138 Vega Lane Apt. 497,Moniteur d'équitation,British Columbia,M
Honoré,Lombard,1994-10-01,38589 David Plains,Designer,Nova Scotia,M
Bernard,Foucher,1940-12-12,6522 Michelle Creek Apt. 835,Garde à cheval,British Columbia,M
Xavier,Fischer,1985-05-03,563 Salazar Ville Suite 673,Serrurier,Quebec,M
Sébastien,Lemonnier,1946-11-24,90112 Linda Prairie Suite 466,Animateur nature,Saskatchewan,M
Alexandre,Daniel,1975-06-13,195 David Mountain Suite 834,Microtechnicien,Nunavut,M
William,Delahaye,1966-02-22,252 Cohen Trafficway Suite 256,Ingénieur système,Quebec,M
Edward,Kirk,1982-11-11,57296 Crane Mountain Suite 102,Monteur,Manitoba,M
Luc,Meunier,1949-01-08,1025 Shaw Highway,Guide de haute montagne,Northwest Territories,M
Victor Manuel,Cerezo,1959-01-04,8223 Elizabeth Crescent,Directeur de la photographie,Yukon Territory,M
Luc,Lefevre,1983-03-09,4515 Javier Crossroad,Officier de l'armée de l'air,Nova Scotia,M
Patrick,Diallo,1961-11-01,823 Carl Track,Zoologiste,Saskatchewan,M
John,Johnson,1979-10-18,4225 Ballard Islands Suite 412,Ingénieur,Ontario,M
Benjamin,Tanguy,1952-06-11,105 Maria Avenue Apt. 901,Garde ,Alberta,M
Alexandre,Vaillant,1993-12-26,0423 Ware Islands,Danseur,Nunavut,M
Juan Manuel,Villalobos,1980-02-29,1428 Robert Road Suite 711,Techniverrier,Nova Scotia,M
Scott,Vaughan,1981-12-20,6090 Linda Terrace,Juge d'instance,Yukon Territory,M
Louis,Blanc,1957-04-17,269 William Prairie,Éducateur,Saskatchewan,M
Rémy,Denis,1979-11-17,2457 Sullivan Drive,Reporter-photographe,Alberta,M
Gary,Bradshaw,1949-09-26,9020 Fritz Springs,Vétérinaire,Yukon Territory,M
Bernard,Bertin,1959-06-28,5226 Hogan Turnpike Apt. 597,Optronicien,Manitoba,M
Maurice,Munoz,1998-07-29,97730 Robinson Point,Électromécanicien ,Northwest Territories,M
Dylan,Moretti,1978-01-02,003 Knight Isle,Archiviste,Nunavut,M
Sabino,Ferri,1942-12-26,0942 Veronica Valleys Suite 749,Contrôleur de performances,New Brunswick,M
Charles,Pruvost,1969-02-20,2421 Martinez Valleys,Éleveur,Prince Edward Island,M
Alan,Thomas,1959-09-15,73099 Bryant Gardens Suite 404,Danseur,Prince Edward Island,M
Joseph,Petitjean,1959-07-05,2962 Hernandez Trail,Responsable de la rémunération,Quebec,M
Tomás,Manzanares,1993-05-27,96365 Jordan Fields,Projectionniste,Alberta,M
Benjamin,Giraud,1941-01-25,32946 Robert Trail,Ingénieur gaz,Ontario,M
Ryan,Lopez,1963-12-07,14826 Shepherd Parkway Suite 907,Ingénieur systèmes embarqués,British Columbia,M
Jeffrey,Dunn,1947-04-14,3372 Peter Pines Suite 668,Podo-orthésiste,Saskatchewan,M
Oretta,Mazza,1968-09-05,282 Patton Island Apt. 618,Marin de commerce,Saskatchewan,M
Léon,Peron,1998-09-27,0223 Anthony Island,Chargé d'études économiques,Nova Scotia,M
Thibaut,Poirier,1989-04-27,71708 Contreras Causeway,Éducateur,Nunavut,M
Fortunata,Mariani,1979-08-02,39130 Michael Key,Médecin généraliste,New Brunswick,M
Ivano,Neri,1951-11-22,1157 Allison Crossroad Suite 628,Machiniste constructeur ou plateau,Manitoba,M
Julien,Fouquet,1943-09-09,666 Cheryl Cliffs Suite 960,Administrateur de biens,Nova Scotia,M
Amos,Romano,1958-11-15,32394 Tracy Isle,Éclairagiste,Quebec,M
Emmanuel,Berger,1997-10-22,94804 Harrison Plaza,Directeur de restaurant,Alberta,M
Rémy,Ledoux,1977-02-11,221 John Ridges Apt. 032,Ingénieur,Prince Edward Island,M
Zacharie,Dumont,1977-06-27,5093 Miller Via,Illustrateur,Nova Scotia,M
Luke,Williams,1970-08-25,69748 Kristin Junctions Apt. 850,Ingénieur procédés en chimie,New Brunswick,M
Timothy,Clark,1973-05-26,6122 Cassandra Parkway Suite 396,Administrateur de base de données,British Columbia,M
Xavier,Da Silva,1974-06-01,1469 Michael Parkways Apt. 865,Consultant en solutions intégrées,Ontario,M
Gerald,Bailey,1982-09-05,463 Blair Isle,Directeur de restaurant,Yukon Territory,M
Pierre,Gosselin,1982-08-20,372 Rachael Pine,Machiniste constructeur ou plateau,Nova Scotia,M
Stéphane,Roux,1959-03-11,96540 Charles Pike Apt. 681,Responsable du service après-vente,Nova Scotia,M
John,Bailey,1942-01-11,688 Watts Passage Suite 628,Juriste droit de l'environnement,Nova Scotia,M
Elsa,Parisi,1958-12-10,73265 Jones Union,Chargé d'études économiques,British Columbia,M
Eric,Fuentes,1946-12-05,29435 Wilson Burgs Suite 192,Collaborateur de notaire,Quebec,M
Lucas,Maury,1951-04-09,4127 Davis Squares Suite 321,Ingénieur gaz,Nunavut,M
Rafael,Alemany,1973-11-11,15918 Brian Plains Suite 584,Commerçant en alimentation,Nova Scotia,M
Eugène,Perrin,1948-12-11,61058 Taylor View,Moniteur d'équitation,Alberta,M
Martin,Adams,1962-04-11,73612 Daniel Forges,Maître  d'hôtel,Saskatchewan,M
Joseph,Lacroix,1996-10-04,18616 Adams Points,Inspecteur de banque,Nova Scotia,M
Vicente,Baeza,1978-01-13,62534 Yoder Radial,Médiateur,Ontario,M
Denis,Deschamps,1943-02-14,77793 Barrett Prairie,Directeur artistique,Nova Scotia,M
Benoît,Marechal,1965-11-16,9017 Smith Parkways Apt. 665,Sous-officier de l'armée de terre,Prince Edward Island,M
Gregorio,Donoso,1989-12-21,064 Cook Tunnel,Technicien en traitement des déchets,New Brunswick,M
Benjamin,Tucker,1958-10-28,563 Pennington Village,Directeur d'agence bancaire,Prince Edward Island,M
Gilles,Alves,1956-05-13,46452 Kelly Common Suite 302,Graphiste,Ontario,M
Alfred,Raynaud,1948-07-25,144 Martinez Row Apt. 407,Palefrenier,Ontario,M
Luc,Leclercq,1976-09-07,4420 Sanchez Villages Apt. 427,Archiviste,New Brunswick,M
Denis,Allard,1977-10-11,976 Thomas Mill Apt. 182,Formulateur,New Brunswick,M
Matthieu,Carlier,1955-07-21,18807 Kevin Highway,Traducteur-interprète,New Brunswick,M
André,Hebert,1991-12-24,644 Cooper Stravenue Apt. 108,Administrateur de réseau,British Columbia,M
Jason,Lewis,1974-09-29,4620 Barry Dam Apt. 426,Ambulancier,Quebec,M
Michael,Rose,1986-09-18,9446 Jackson Squares Apt. 151,Magistrat,Alberta,M
Robert,King,1983-06-20,25269 Jones Stream Suite 249,Agronome,Ontario,M
Raymond,Arnaud,1996-10-11,127 Theresa Fields Apt. 941,Neurobiologiste,Quebec,M
Ronnie,Webb,1982-04-04,41567 Webster Shore Suite 540,Chef d'exploitation d'usine d'incinération,Northwest Territories,M
Jeffery,Mcdaniel,1982-04-11,0418 Bonnie Fort Suite 606,Cordiste,New Brunswick,M
Michel,Besson,1973-11-10,157 Farmer Lane Apt. 211,Administrateur de logiciels de laboratoire,Northwest Territories,M
Patrick,Samson,1977-05-27,3955 Wilkinson Unions,Ingénieur en production et expérimentations végétales,Saskatchewan,M
Joseph,Kirk,1969-11-28,834 Morgan Hills Apt. 417,Chef monteur,New Brunswick,M
Michael,Graham,1979-07-12,813 Giles Loop,Juge des enfants,New Brunswick,M
Cira,Montanari,1992-10-25,49933 Peterson Flats Suite 980,Ingénieur environnement et risques industriels,Saskatchewan,M
Christopher,Frank,1988-02-11,83090 Stewart Tunnel,Ingénieur en métrologie,New Brunswick,M
Jose Antonio,Pinto,1949-05-21,98874 Karen Stream Suite 742,Chercheur en biologie du sport,Alberta,M
Benjamin,Le Roux,1949-09-03,8600 Lopez Fork Apt. 660,Dépanneur en électroménager,New Brunswick,M
Anthony,Davis,1996-05-24,0897 Cooper Forges Apt. 041,Façonnier des industries graphiques,Quebec,M
Sean,Mitchell,2000-08-03,8498 Lopez Villages Apt. 110,Directeur de création,Saskatchewan,M
Antonio,Espada,1998-05-06,273 Thomas Trail Apt. 445,Vitrailliste,New Brunswick,M
Mietta,Gallo,1965-09-14,96769 Hobbs Hill,Technicien de police technique et scientifique,Quebec,M
René,Boucher,1959-01-06,59640 Henry Curve Apt. 841,Mécanicien bateaux,New Brunswick,M
Enrique,Company,1950-02-04,224 Jamie Brook Apt. 403,Conducteur,Prince Edward Island,M
Robert,Moulin,1991-02-08,48369 Jackson Mountains,Secrétaire,Manitoba,M
David,Le Goff,1985-10-09,3698 Tonya Tunnel,Qualiticien,Prince Edward Island,M
Adam,Kaiser,1955-03-15,891 Villarreal Lodge Apt. 003,Accompagnateur de moyenne montagne,Alberta,M
Kevin,Manning,1996-07-19,0696 Charles Walks,Contrôleur de gestion,Quebec,M
Richard,Techer,1969-09-21,519 Sparks Crest,Coordonnateur d'études cliniques,Yukon Territory,M
Rufo,Pellegrini,1969-07-06,75738 Joseph Station Suite 712,Conseiller en économie sociale et familiale,Yukon Territory,M
John,Evans,1967-03-24,3690 Adrian Lakes Apt. 238,Responsable biométrie,Manitoba,M
Alphonse,Gillet,2000-02-02,92604 Diana Rest Apt. 088,Contrôleur technique automobile,Nova Scotia,M
Jason,Marsh,1984-04-02,720 Gates Oval,Juriste d'entreprise,Northwest Territories,M
Shane,Petersen,1945-11-25,056 Scott Station,Technicien en optique de précision,Newfoundland and Labrador,M
Thomas,Letellier,1952-12-05,6387 Donna Rapids Suite 072,Chef de produit touristique,British Columbia,M
Jose Antonio,Olivares,1990-02-11,9870 Hannah Ferry,Inspecteur,Northwest Territories,M
Levi,Rogers,1952-03-04,3327 Smith Drive,Soudeur,New Brunswick,M
Raul,Nuñez,1962-09-18,745 Valerie Shores Apt. 576,Directeur d'office de tourisme,Nova Scotia,M
Timothée,Hamel,1940-09-30,933 Bryan Underpass,Spécialiste des affaires réglementaires en chimie,Nova Scotia,M
Pierre,Perez,1978-04-05,5882 Hensley Squares,Animateur 2D et 3D,Northwest Territories,M
Amos,Conte,1965-06-30,3095 Joan Mountains,Attaché d'administration,Northwest Territories,M
Ulrico,Bruno,1952-04-28,314 Hernandez Motorway,Technicien de forge,Nunavut,M
Philippe,Francois,1997-09-22,45589 Brian Crossing Apt. 302,Ingénieur cloud computing,Alberta,M
Brian,Norris,1966-05-08,842 Bailey Prairie Apt. 331,Géologue minier,Quebec,M
Gilles,Moreau,1963-03-10,80734 Carol Crescent,Déclarant en douane,Yukon Territory,M
Victor,Love,1989-11-09,263 Danielle Light,Administrateur de logiciels de laboratoire,Yukon Territory,M
Gilles,Picard,1992-11-05,942 Chavez Court,Accompagnateur de moyenne montagne,Nunavut,M
Jacques,Cordier,1992-03-31,0549 Sarah Harbor Apt. 501,Archéologue,New Brunswick,M
Pierre,Allain,1994-10-12,523 William Crossing,Vendeur-conseil en matériel agricole,Northwest Territories,M
Nathan,Bellini,1958-03-19,9086 Stacy Center,Chef de mission humanitaire,Saskatchewan,M
Rémy,Dias,1972-11-10,34086 Veronica Corner,Grutier,Newfoundland and Labrador,M
Philip,Green,1974-10-08,108 Nichols Square Apt. 598,Responsable de réseau eau potable,British Columbia,M
André,Joly,1975-12-25,871 Brandon Valley,Ingénieur production en mécanique,Quebec,M
Bradley,Moore,1946-09-22,2785 Cooley Square,Vendeur en animalerie,Nova Scotia,M
Peter,Rosales,1984-06-14,1281 Rickey Lake,Directeur d'agence bancaire,Ontario,M
Richard,Bourgeois,1986-01-28,7461 Matthew Well,Conseiller en séjours,Northwest Territories,M
William,Letellier,1977-01-19,72016 Madeline Mill Apt. 380,Vendeur-conseil en matériel agricole,Ontario,M
Teseo,Valentini,1956-10-24,55485 Zachary Canyon,Sociologue,Northwest Territories,M
Thomas,Bruneau,1972-12-19,78389 David Oval Apt. 986,Géotechnicien,Saskatchewan,M
Théodore,Denis,2000-03-03,706 Carmen Orchard,Conseiller d'insertion et de probation,British Columbia,M
Miguel,Lastra,1954-09-02,4958 Gabriel Parkways Apt. 461,Conseiller agricole,Ontario,M
Zacharie,Pasquier,1951-09-10,164 Johnson Pike,Éducateur,Ontario,M
Richard,Lejeune,1942-04-19,815 Jonathan Inlet Suite 510,Médiateur,Nova Scotia,M
Michael,Lynn,1959-03-22,992 Chavez Orchard Apt. 211,Juriste d'entreprise,Northwest Territories,M
Nathan,Ross,1944-12-08,344 Pollard Gardens Apt. 894,Credit manager,New Brunswick,M
Luke,Flores,1951-05-27,4362 Steve Forks,Chef de projet biodiversité,New Brunswick,M
Jules,Boucher,1963-06-27,7834 Rodriguez Terrace Apt. 356,Costumier,Saskatchewan,M
Tristan,Fournier,1969-05-05,9587 Hunter Pines Suite 650,Architecte réseau,Yukon Territory,M
Ryan,Miller,1949-01-07,31652 Amber Coves Apt. 987,Directeur,New Brunswick,M
Santiago,Cañete,1942-03-28,02164 Baxter Station Apt. 563,Auteur interprète,New Brunswick,M
Jose Luis,Bermejo,1954-10-17,713 Linda Road,Directeur de magasin à grande surface,New Brunswick,M
Diamante,Ferretti,1995-02-19,6911 Carrie Oval,Musicien,Alberta,M
Thierry,Techer,1990-12-15,1232 Kristin Roads,Chef de fabrication des industries graphiques,New Brunswick,M
Jose Antonio,Campillo,1973-03-29,8113 Angela Drive Suite 151,"Lad-jockey, lad-driver",Northwest Territories,M
Chad,Browning,1985-08-26,9269 Victor Mountain Apt. 032,"Lad-jockey, lad-driver",Saskatchewan,M
Sébastien,Aubert,1959-09-10,89792 David Junctions,Adjoint,Northwest Territories,M
Denis,Guillou,1966-11-22,3277 Gilbert Manor,Astrophysicien,New Brunswick,M
Daniel,Marechal,1988-09-08,0350 Christopher Gardens Suite 325,Bijoutier,New Brunswick,M
Martin,Moreno,1960-01-13,869 Tran Camp Suite 135,Médiateur,Quebec,M
Rodolfo,Ferrari,1967-05-16,857 Medina Junction,Linguiste,Northwest Territories,M
Marc,Legros,1969-09-01,8175 Horton Crescent Suite 290,Technicien d'exploitation de l'eau,Prince Edward Island,M
Nathan,Conrad,1973-07-18,536 Matthews Hollow,Juriste en propriété intellectuelle,New Brunswick,M
Guy,Bailly,1955-09-25,121 Turner Falls Suite 694,Consultant,Quebec,M
Santiago,Fernández,1981-08-15,7740 Gabrielle Pike,Régisseur cinéma,Nunavut,M
Benjamin,Simon,1963-05-26,8266 Jodi Union,Consultant en solutions intégrées,Saskatchewan,M
Stéphane,Guilbert,1947-02-24,941 Sara Alley Apt. 712,Mécanicien,Nova Scotia,M
Benjamin,Diaz,1962-08-19,639 Johnson Fields,Animateur de bassin versant,New Brunswick,M
Joseph,Guyot,1970-04-16,496 Raymond Squares Suite 331,Archéologue,Saskatchewan,M
Michael,Stephens,1979-07-01,951 Valerie Groves Suite 570,Responsable de la collecte des déchets ménagers,Northwest Territories,M
Michael,Farina,1943-03-04,815 Benjamin Glens Suite 771,Électricien,Manitoba,M
Christian,Maynard,1945-02-16,991 Laura Key,Sociologue,Manitoba,M
Penelope,Bellini,2000-06-15,28676 Cole Manor,Attaché,Prince Edward Island,M
Frédéric,Marchal,1987-06-06,65106 Cindy Isle Suite 897,Militaire technicien,Ontario,M
Gabriel,Leger,1988-11-09,78732 Derek Harbor Apt. 954,Conseiller agricole,Ontario,M
Jacob,Smith,1959-01-09,42793 Castro Radial Apt. 170,Courtier,New Brunswick,M
David,Paul,1967-12-23,274 Rodriguez Streets Apt. 717,Régisseur cinéma,Saskatchewan,M
David,Hale,1945-03-19,60327 Lucero Causeway Suite 354,Maçon,Newfoundland and Labrador,M
Ethan,Blair,1973-09-18,92538 Caldwell Canyon Apt. 602,Contrôleur technique automobile,Newfoundland and Labrador,M
Troy,Jones,1994-10-04,3962 Lopez Groves,Maroquinier,New Brunswick,M
Emmanuel,Sauvage,1982-08-02,707 Louis Mission Suite 675,Décolleteur,New Brunswick,M
Alexandre,Perret,1948-03-03,305 Patel Manors Suite 272,Anatomiste,New Brunswick,M
Justin,Green,1965-12-24,898 David Burgs,Ingénieur en production et expérimentations végétales,Newfoundland and Labrador,M
Timothy,Sanchez,1943-10-19,600 Samantha Path,Contrôleur technique automobile,Manitoba,M
Genziana,Russo,1957-10-09,9141 Seth Turnpike,Décolleteur,Nunavut,M
Gonzalo,Vicente,1946-06-18,91249 Costa Mount Apt. 639,Chargé d'études en marketing,Newfoundland and Labrador,M
Julien,Lebon,1965-06-04,1159 Matthew Highway Apt. 188,Anatomiste,Manitoba,M
Éric,Thomas,1989-06-13,11966 Linda Mountain Suite 297,Designer d'interaction,New Brunswick,M
Luc,Begue,1977-07-23,826 Vincent Mount,Antiquaire,British Columbia,M
Michel,Mary,1974-02-26,716 Jennifer Valley,Orthoptiste,Nunavut,M
Robert,Joubert,1964-08-02,954 Kyle Villages Suite 758,Ingénieur systèmes embarqués,Yukon Territory,M
John,Hubbard,1992-07-16,2743 Amber Alley,Toiletteur d'animaux,Nova Scotia,M
Daniel,Payne,1999-04-15,0686 Martin Gateway Apt. 686,Formulateur,British Columbia,M
Jose Carlos,Valdés,1966-05-30,723 Flores Corners Suite 776,Expert en sécurité informatique,Manitoba,M
Jose Ramon,Verdugo,1963-02-09,2323 Martin Road,Ingénieur nucléaire,Newfoundland and Labrador,M
Carlos,Cobos,1946-11-27,4544 Colton Summit,Mandataire judiciaire,Ontario,M
Aitor,Bartolomé,1961-04-09,0139 Alexander River Suite 666,Commerçant en alimentation,Manitoba,M
Gregory,Le,1965-03-11,05334 Nicholas Parkway Suite 248,Aide médico-psychologique,New Brunswick,M
Étienne,Durand,1992-01-22,050 Bryan Street,Chef des ventes,Nunavut,M
Ruben,Gibert,1994-05-12,22416 Molly Course Apt. 086,Préparateur en pharmacie,Nunavut,M
Maurice,Chevallier,1986-09-15,9788 Vaughan Knoll,Ingénieur,Northwest Territories,M
Carlos,Mariño,1944-12-14,7875 Dunn Garden Suite 658,Hydrologue,British Columbia,M
Antoine,Guyot,1951-05-13,7210 Ashley Way Apt. 710,Greffier,New Brunswick,M
Charles,Brun,1996-01-24,472 Holland View,Conducteur d'engins de travaux publics,Manitoba,M
Daniel,Sanchez,1960-07-07,274 Gordon Walk,Biologiste médical,Quebec,M
Arthur,Chevallier,1980-09-05,089 Samantha Shoal Suite 513,Concepteur multimédia,Nunavut,M
Jose Luis,Pablo,1995-12-14,4140 Miller Hollow Apt. 119,Responsable du soutien logistique intégré,Quebec,M
Jesús,Martí,1949-05-12,3752 Bradley Flat,Responsable biométrie,New Brunswick,M
Charles,Smith,1980-08-17,314 Billy Mountains,Élagueur,Alberta,M
Antonio,Arnal,1964-01-05,8013 Keith Radial,Consultant green IT,Northwest Territories,M
Robert,Payet,1991-04-20,2739 Smith Extensions Suite 051,Conseiller en séjours,Prince Edward Island,M
Richard,Hamon,1978-09-26,16194 Dominguez Pine,Conducteur,Newfoundland and Labrador,M
Raul,Seguí,1978-12-29,6371 Alvarez Plains,Sapeur,New Brunswick,M
Richard,Carpentier,1960-01-29,4778 Rebecca Springs Suite 229,Ingénieur d'application,New Brunswick,M
Benjamin,Bonneau,1957-02-20,3682 Miller Grove,Chef de cultures légumières,Nova Scotia,M
Eugène,Ferreira,1999-02-12,683 Roach Crest Apt. 326,Credit manager,Ontario,M
Stephen,Ray,1965-11-07,4419 Lucero Hollow Apt. 894,Horloger,Nunavut,M
Thibaut,Gonzalez,1980-11-25,592 George Isle Suite 706,Barman ,Nova Scotia,M
Michael,Zhang,1978-06-20,4562 Jennifer Prairie Suite 037,Façonnier des industries graphiques,Northwest Territories,M
Gérard,Leroy,1999-09-14,9479 Soto Islands,Charcutier,New Brunswick,M
Matthew,Kelley,1951-03-18,9391 Bryan Shoals Apt. 635,Cordonnier,Quebec,M
James,Mitchell,1975-12-21,37922 Justin Field Suite 158,Conducteur de machines à papier ,Yukon Territory,M
Lucas,Neveu,1969-02-06,5094 Moody Terrace Suite 022,Agent de sécurité,New Brunswick,M
Andre,Ellis,1956-02-17,8243 Cooley Loaf Apt. 315,Maraîcher,Northwest Territories,M
Roy,Warren,1988-02-12,378 Amanda Parks,Technicien d'analyses biomédicales,Nunavut,M
Vincent,Perrin,1954-10-04,7583 Thompson Spur Apt. 743,Juriste droit de l'environnement,Nova Scotia,M
Ronald,Duncan,1990-06-23,242 Cynthia Station Suite 601,Ingénieur production en mécanique,Nunavut,M
Jacques,Legros,1994-04-09,88334 Vaughn Cliff Suite 191,Scripte,Yukon Territory,M
Quasimodo,Costa,1954-10-15,5215 Chandler Flats Apt. 904,Apiculteur,Newfoundland and Labrador,M
Mark,Hall,1973-09-16,946 Katrina Rapid,Technicien d'exploitation du réseau gaz,New Brunswick,M
Bernard,Guibert,1975-10-03,61167 Joshua Street,Conducteur de ligne de production alimentaire,Yukon Territory,M
Alphonse,Menard,1974-05-03,47494 Diana Burg,Météorologiste,New Brunswick,M
Daniel,David,1944-06-26,298 Bailey Dam,Souscripteur,Prince Edward Island,M
Aaron,White,1943-03-24,92521 Deborah Manor,Vendeur en animalerie,Yukon Territory,M
Timothée,Roger,1980-04-01,23905 Shannon Stravenue,Salesman,Nunavut,M
Augustin,Da Costa,1974-06-18,393 Joseph Spur,Hot liner,Quebec,M
Auguste,Mace,1960-06-16,0665 Rivas Ways Suite 698,Professeur de collège et de lycée,Nova Scotia,M
Thibaut,Blin,1948-11-22,5148 Wesley Pass,Gestionnaire de portefeuille,Manitoba,M
Dante,Bernardi,1964-07-17,065 Long Land,Géologue minier,New Brunswick,M
Alphonse,Bailly,1976-01-16,84530 Mitchell Trace Suite 576,Architecte réseau,Saskatchewan,M
Eugène,Fleury,1978-07-12,89209 Roberts Mission,Technicien nucléaire,Newfoundland and Labrador,M
André,Ramos,1962-06-05,543 David Burgs,Ostéopathe,Yukon Territory,M
Georges,Auger,1961-08-27,52532 Eric Forges,Ingénieur en automatisme,New Brunswick,M
Julien,Joseph,1983-03-29,6613 Lee Highway,Orfèvre,Nova Scotia,M
Vincent,Cousin,2000-05-19,6209 Robertson Shore Suite 416,Facteur,Newfoundland and Labrador,M
Kevin,Price,1969-01-27,1110 Krystal Forges,Pharmacien dans l'industrie,Alberta,M
Eugène,Lefebvre,1989-09-23,5645 Vasquez Vista Suite 062,Agent de sécurité,Saskatchewan,M
Théophile,Jean,1994-10-27,809 Brittany Neck,Ingénieur en aéronautique,Quebec,M
Timothée,Sauvage,1959-05-13,2798 Perkins Common Suite 415,Océanologue,British Columbia,M
Samuel,Heath,1969-12-01,555 Moore Dam,Chef de rayon,Newfoundland and Labrador,M
Patrick,Lecoq,1951-05-03,799 Kidd Coves,Technicien chimiste,Nunavut,M
Matthieu,Marin,1982-07-10,11740 Savage Manor Suite 517,Auditeur interne,Nunavut,M
James,Thompson,1956-03-22,988 Sandra Centers Apt. 954,Juriste en propriété intellectuelle,Northwest Territories,M
Ronald,Williams,1992-12-01,135 Blake Way Suite 999,Charpentier métallique,New Brunswick,M
Robert,Mitchell,1941-05-11,70151 Pratt Rest,Toiletteur d'animaux,Prince Edward Island,M
Marcel,Delattre,1954-09-10,14579 Brown Mountain Apt. 171,Pilote de ligne,Prince Edward Island,M
Richard,Trevino,1984-11-16,76870 Molly Valley Suite 102,Juriste en propriété intellectuelle,New Brunswick,M
Michel,Cousin,1945-03-06,7391 Clark Club,Journaliste,Northwest Territories,M
Danny,Marchetti,1941-11-10,9952 Joshua Village,Chargé d'études média,Ontario,M
Gianriccardo,Lombardi,1991-04-21,41211 Clay Points,Consultant,Quebec,M
Tristan,Rossi,1977-08-06,47725 Clark Junctions,Responsable de réseau eau potable,Nova Scotia,M
René,Weber,1973-05-25,302 Hobbs Mews,Avocat,Alberta,M
